crash_row_id,site_id,site_name,site_gemeente,site_lat,site_long,distance_km,crash_lat,crash_long,DT_YEAR_COLLISION,DT_MONTH_COLLISION,DT_TIME,CD_NIS,TX_MUNTY_COLLISION_NL,TX_WEATHER_NL,TX_ROAD_CONDITION_NL,TX_LIGHT_CONDITION_NL,TX_CLASS_ACCIDENTS_NL,CD_ROAD_USR_TYPE1,TX_ROAD_USR_TYPE1_NL,CD_ROAD_USR_TYPE2,TX_ROAD_USR_TYPE2_NL,TX_CROSSWAY_NL,CD_ROAD_TYPE_NL,TX_BUILD_UP_AREA_NL,TX_COLLISION_TYPE_NL,TX_OBSTACLES_NL
285,35,Lanaken teller 1,Lanaken,50.88112,5.6314,0.23383814701900316,50.88227089154238,5.634189685350802,2017,1,10,73042,Lanaken,Onbekend,Droog,Dag,met lichtgewonden,5,Lichte vrachtauto,3,Fiets,Buiten Kruispunt,Gemeenteweg,buiten bebouwde kom,Tss. 2 best.: langs opzij (voor-/achterkant-flank),Geen hindernis
298,100,Mechelen teller 2,Mechelen,51.0457,4.46883,0.19962810189358912,51.047399028365824,4.467907445179255,2017,1,7,12025,Mechelen,Normaal,Droog,Dageraad - schemering,met lichtgewonden,9,personenauto,3,Fiets,Op Kruispunt,Gewestweg,buiten bebouwde kom,Tussen 2 bestuurders: Frontale botsing,Geen hindernis
298,99,Mechelen teller 1,Mechelen,51.04564,4.46882,0.20573549087624338,51.047399028365824,4.467907445179255,2017,1,7,12025,Mechelen,Normaal,Droog,Dageraad - schemering,met lichtgewonden,9,personenauto,3,Fiets,Op Kruispunt,Gewestweg,buiten bebouwde kom,Tussen 2 bestuurders: Frontale botsing,Geen hindernis
612,143,Eco Display Classic Budastraat,Kortrijk,50.83066,3.26286,0.16094096296481988,50.829311978473925,3.2620256292858083,2017,2,8,34022,Kortrijk,Normaal,Droog,Dag,met lichtgewonden,3,Fiets,9,personenauto,Op Kruispunt,Gemeenteweg,binnen bebouwde kom,Tss. 2 best.: langs opzij (voor-/achterkant-flank),Geen hindernis
787,88,Westerlo teller 1,Westerlo,51.082,4.91325,0.05625248740143969,51.08247490394491,4.912972491225178,2017,3,16,13049,Westerlo,Normaal,Droog,Dag,met lichtgewonden,6,Bromfiets,3,Fiets,Buiten Kruispunt,Gewestweg,binnen bebouwde kom,Tss. 2 best.: langs opzij (voor-/achterkant-flank),Geen hindernis
787,89,Westerlo teller 2,Westerlo,51.08191,4.91334,0.06785786446359623,51.08247490394491,4.912972491225178,2017,3,16,13049,Westerlo,Normaal,Droog,Dag,met lichtgewonden,6,Bromfiets,3,Fiets,Buiten Kruispunt,Gewestweg,binnen bebouwde kom,Tss. 2 best.: langs opzij (voor-/achterkant-flank),Geen hindernis
863,101,Diest teller 1,Diest,50.97799,5.04481,0.0350949406238372,50.978280315801484,5.045006653137968,2017,3,12,24020,Diest,Normaal,Droog,Dag,met lichtgewonden,9,personenauto,3,Fiets,Op Kruispunt,Gewestweg,binnen bebouwde kom,Tss. 2 best.: langs opzij (voor-/achterkant-flank),Geen hindernis
863,102,Diest teller 2,Diest,50.9779,5.04474,0.046226472584104075,50.978280315801484,5.045006653137968,2017,3,12,24020,Diest,Normaal,Droog,Dag,met lichtgewonden,9,personenauto,3,Fiets,Op Kruispunt,Gewestweg,binnen bebouwde kom,Tss. 2 best.: langs opzij (voor-/achterkant-flank),Geen hindernis
864,101,Diest teller 1,Diest,50.97799,5.04481,0.0350949406238372,50.978280315801484,5.045006653137968,2017,3,8,24020,Diest,Normaal,Droog,Dag,met lichtgewonden,3,Fiets,9,personenauto,Op Kruispunt,Gewestweg,binnen bebouwde kom,Tss. 2 best.: langs opzij (voor-/achterkant-flank),Geen hindernis
864,102,Diest teller 2,Diest,50.9779,5.04474,0.046226472584104075,50.978280315801484,5.045006653137968,2017,3,8,24020,Diest,Normaal,Droog,Dag,met lichtgewonden,3,Fiets,9,personenauto,Op Kruispunt,Gewestweg,binnen bebouwde kom,Tss. 2 best.: langs opzij (voor-/achterkant-flank),Geen hindernis
947,116,Melle teller 2,Melle,50.9986113,3.8040599,0.19925192363540806,50.99958013837921,3.806455166697817,2017,3,16,44040,Melle,Normaal,Droog,Dag,met lichtgewonden,9,personenauto,3,Fiets,Buiten Kruispunt,Gewestweg,binnen bebouwde kom,Tss. 2 best.: langs opzij (voor-/achterkant-flank),Geen hindernis
947,117,Melle teller 1,Melle,50.9986113,3.8040599,0.19925192363540806,50.99958013837921,3.806455166697817,2017,3,16,44040,Melle,Normaal,Droog,Dag,met lichtgewonden,9,personenauto,3,Fiets,Buiten Kruispunt,Gewestweg,binnen bebouwde kom,Tss. 2 best.: langs opzij (voor-/achterkant-flank),Geen hindernis
1121,41,Maasmechelen teller 1,Maasmechelen,50.97025,5.69799,0.030783648186253128,50.96999401387289,5.697822591285061,2017,3,9,73107,Maasmechelen,Normaal,Droog,Dag,met lichtgewonden,9,personenauto,3,Fiets,Op Kruispunt,Gewestweg,binnen bebouwde kom,Tss. 2 best.: langs opzij (voor-/achterkant-flank),Geen hindernis
1121,42,Maasmechelen teller 2,Maasmechelen,50.97043,5.6981,0.052226217022887544,50.96999401387289,5.697822591285061,2017,3,9,73107,Maasmechelen,Normaal,Droog,Dag,met lichtgewonden,9,personenauto,3,Fiets,Op Kruispunt,Gewestweg,binnen bebouwde kom,Tss. 2 best.: langs opzij (voor-/achterkant-flank),Geen hindernis
1149,140,Hasselt ring,Hasselt,50.9300038,5.3438616,0.049638296669573034,50.929570007346754,5.343694409745199,2017,3,19,71022,Hasselt,Normaal,Onbekend,Dag,met lichtgewonden,9,personenauto,3,Fiets,Buiten Kruispunt,Gewestweg,binnen bebouwde kom,Tussen 2 bestuurders: Langs achteren,Geen hindernis
1266,38,Lommel teller 2,Lommel,51.23277,5.29189,0.01368120758983138,51.2328913354185,5.2918574234743465,2017,4,17,72020,Lommel,Normaal,Droog,Dag,met lichtgewonden,9,personenauto,3,Fiets,Buiten Kruispunt,Gewestweg,buiten bebouwde kom,Tss. 2 best.: langs opzij (voor-/achterkant-flank),Geen hindernis
1266,37,Lommel teller 1,Lommel,51.23299,5.29211,0.020727290223475005,51.2328913354185,5.2918574234743465,2017,4,17,72020,Lommel,Normaal,Droog,Dag,met lichtgewonden,9,personenauto,3,Fiets,Buiten Kruispunt,Gewestweg,buiten bebouwde kom,Tss. 2 best.: langs opzij (voor-/achterkant-flank),Geen hindernis
1297,73,Herent teller 2,Herent,50.89128,4.64685,0.2452240019374092,50.8893578516412,4.64856394498921,2017,4,14,24038,Herent,Normaal,Droog,Dag,met lichtgewonden,3,Fiets,8,Voetganger,Buiten Kruispunt,Gemeenteweg,binnen bebouwde kom,Met een voetganger,Geen hindernis
1452,18,Oostende 1,Oostende,51.21378,2.92765,0.22243308362198785,51.215617830505806,2.926389000225458,2017,4,19,35013,Oostende,Normaal,Droog,Dag,met lichtgewonden,3,Fiets,3,Fiets,Buiten Kruispunt,Gemeenteweg,binnen bebouwde kom,Tss. 2 best.: langs opzij (voor-/achterkant-flank),Geen hindernis
1452,15,Oostende 2,Oostende,51.21371,2.92743,0.22419043767230035,51.215617830505806,2.926389000225458,2017,4,19,35013,Oostende,Normaal,Droog,Dag,met lichtgewonden,3,Fiets,3,Fiets,Buiten Kruispunt,Gemeenteweg,binnen bebouwde kom,Tss. 2 best.: langs opzij (voor-/achterkant-flank),Geen hindernis
1754,21,Bilzen,Bilzen,50.86015,5.50161,0.19893914016359154,50.86169923270364,5.503027694140075,2017,5,17,73006,Bilzen,Normaal,Droog,Dag,met lichtgewonden,3,Fiets,10,"één bestuurder, geen hindernis",Buiten Kruispunt,Gewestweg,binnen bebouwde kom,"Eén bestuurder, geen hindernis (incl. val)",Geen hindernis
1790,77,Leuven teller 2,Leuven,50.88672,4.70796,0.1514767017270262,50.88691777942181,4.7058234861662775,2017,5,16,24062,Leuven,Normaal,Droog,Dag,met lichtgewonden,9,personenauto,3,Fiets,Buiten Kruispunt,Gemeenteweg,binnen bebouwde kom,Tss. 2 best.: langs opzij (voor-/achterkant-flank),Geen hindernis
1790,107,leuven totem,Leuven,50.8870744,4.7087919,0.2089539231919342,50.88691777942181,4.7058234861662775,2017,5,16,24062,Leuven,Normaal,Droog,Dag,met lichtgewonden,9,personenauto,3,Fiets,Buiten Kruispunt,Gemeenteweg,binnen bebouwde kom,Tss. 2 best.: langs opzij (voor-/achterkant-flank),Geen hindernis
2097,16,Kortrijk 1,Kortrijk,50.83332,3.27777,0.23196666107456096,50.831256587233185,3.2772839227076767,2017,5,19,34022,Kortrijk,Normaal,Droog,Dag,met lichtgewonden,9,personenauto,3,Fiets,Buiten Kruispunt,Gemeenteweg,binnen bebouwde kom,Tss. 2 best.: langs opzij (voor-/achterkant-flank),Geen hindernis
2097,17,Kortrijk 2,Kortrijk,50.83339,3.27773,0.2392843209503697,50.831256587233185,3.2772839227076767,2017,5,19,34022,Kortrijk,Normaal,Droog,Dag,met lichtgewonden,9,personenauto,3,Fiets,Buiten Kruispunt,Gemeenteweg,binnen bebouwde kom,Tss. 2 best.: langs opzij (voor-/achterkant-flank),Geen hindernis
2101,75,Kortrijk teller 2,Kortrijk,50.81925,3.25731,0.23888332966564954,50.821309108652265,3.2582798244199904,2017,5,17,34022,Kortrijk,Normaal,Droog,Dag,met lichtgewonden,9,personenauto,3,Fiets,Buiten Kruispunt,Gewestweg,binnen bebouwde kom,Tss. 2 best.: langs opzij (voor-/achterkant-flank),Geen hindernis
2317,95,Lier teller 1,Lier,51.11687,4.58437,0.10165803320881307,51.116270385745324,4.585469397255261,2017,6,17,12021,Lier,Normaal,Droog,Dag,met lichtgewonden,9,personenauto,3,Fiets,Buiten Kruispunt,Gewestweg,buiten bebouwde kom,Tss. 2 best.: langs opzij (voor-/achterkant-flank),Geen hindernis
2317,96,Lier teller 2,Lier,51.11705,4.58444,0.11259607909317647,51.116270385745324,4.585469397255261,2017,6,17,12021,Lier,Normaal,Droog,Dag,met lichtgewonden,9,personenauto,3,Fiets,Buiten Kruispunt,Gewestweg,buiten bebouwde kom,Tss. 2 best.: langs opzij (voor-/achterkant-flank),Geen hindernis
2326,9,Heist op den Berg 2,Heist-op-den-Berg,51.06904,4.69524,0.06452259779731256,51.06913315192366,4.696151450496053,2017,6,20,12014,Heist-op-den-Berg,Normaal,Droog,Dag,met lichtgewonden,9,personenauto,3,Fiets,Op Kruispunt,Gewestweg,buiten bebouwde kom,Tussen 2 bestuurders: Frontale botsing,Geen hindernis
2379,39,Peer teller 1,Peer,51.13425,5.47817,0.19687785503830854,51.13448385392586,5.47537308466733,2017,6,15,72030,Peer,Normaal,Droog,Dag,met lichtgewonden,9,personenauto,3,Fiets,Op Kruispunt,Gewestweg,buiten bebouwde kom,Tss. 2 best.: langs opzij (voor-/achterkant-flank),Geen hindernis
2379,40,Peer teller 2,Peer,51.13438,5.47892,0.2477527759015075,51.13448385392586,5.47537308466733,2017,6,15,72030,Peer,Normaal,Droog,Dag,met lichtgewonden,9,personenauto,3,Fiets,Op Kruispunt,Gewestweg,buiten bebouwde kom,Tss. 2 best.: langs opzij (voor-/achterkant-flank),Geen hindernis
2438,101,Diest teller 1,Diest,50.97799,5.04481,0.02284171269759095,50.97815901657834,5.044995432680816,2017,6,16,24020,Diest,Normaal,Droog,Dag,met lichtgewonden,6,Bromfiets,3,Fiets,Buiten Kruispunt,Gewestweg,binnen bebouwde kom,Tss. 2 best.: langs opzij (voor-/achterkant-flank),Geen hindernis
2438,102,Diest teller 2,Diest,50.9779,5.04474,0.03390156275509915,50.97815901657834,5.044995432680816,2017,6,16,24020,Diest,Normaal,Droog,Dag,met lichtgewonden,6,Bromfiets,3,Fiets,Buiten Kruispunt,Gewestweg,binnen bebouwde kom,Tss. 2 best.: langs opzij (voor-/achterkant-flank),Geen hindernis
2745,143,Eco Display Classic Budastraat,Kortrijk,50.83066,3.26286,0.21399616139248018,50.83254390879479,3.263482613522432,2017,6,9,34022,Kortrijk,Normaal,Droog,Dag,met lichtgewonden,3,Fiets,9,personenauto,Op Kruispunt,Gemeenteweg,binnen bebouwde kom,Tss. 2 best.: langs opzij (voor-/achterkant-flank),Geen hindernis
2883,2,Brasschaat 2,Brasschaat,51.27512,4.47169,0.21759953543805907,51.276728318606956,4.469907898963832,2017,7,8,11008,Brasschaat,Normaal,Droog,Dag,met lichtgewonden,9,personenauto,3,Fiets,Buiten Kruispunt,Gewestweg,buiten bebouwde kom,Tss. 2 best.: langs opzij (voor-/achterkant-flank),Geen hindernis
2883,3,Brasschaat 1,Brasschaat,51.27503,4.47222,0.2480497366510082,51.276728318606956,4.469907898963832,2017,7,8,11008,Brasschaat,Normaal,Droog,Dag,met lichtgewonden,9,personenauto,3,Fiets,Buiten Kruispunt,Gewestweg,buiten bebouwde kom,Tss. 2 best.: langs opzij (voor-/achterkant-flank),Geen hindernis
2924,98,Geel teller 2,Geel,51.1481,4.99643,0.24277332502614,51.1499670921796,4.994625855324165,2017,7,10,13008,Geel,Normaal,Droog,Dag,met zwaargewonden,9,personenauto,3,Fiets,Op Kruispunt,Gewestweg,buiten bebouwde kom,Tss. 2 best.: langs opzij (voor-/achterkant-flank),Geen hindernis
2994,101,Diest teller 1,Diest,50.97799,5.04481,0.0350949406238372,50.978280315801484,5.045006653137968,2017,7,17,24020,Diest,Normaal,Droog,Dag,met lichtgewonden,9,personenauto,3,Fiets,Op Kruispunt,Gewestweg,binnen bebouwde kom,Tss. 2 best.: langs opzij (voor-/achterkant-flank),Geen hindernis
2994,102,Diest teller 2,Diest,50.9779,5.04474,0.046226472584104075,50.978280315801484,5.045006653137968,2017,7,17,24020,Diest,Normaal,Droog,Dag,met lichtgewonden,9,personenauto,3,Fiets,Op Kruispunt,Gewestweg,binnen bebouwde kom,Tss. 2 best.: langs opzij (voor-/achterkant-flank),Geen hindernis
3077,113,Deinze teller 2,Deinze,50.96018,3.55578,0.15507235690539714,50.96102853737939,3.554022851494733,2017,7,14,44083,Deinze,Normaal,Droog,Dag,met lichtgewonden,3,Fiets,9,personenauto,Op Kruispunt,Gewestweg,buiten bebouwde kom,Tss. 2 best.: langs opzij (voor-/achterkant-flank),Geen hindernis
3077,114,Deinze teller 1,Nazareth,50.9598305,3.555502,0.1687552539956328,50.96102853737939,3.554022851494733,2017,7,14,44083,Deinze,Normaal,Droog,Dag,met lichtgewonden,3,Fiets,9,personenauto,Op Kruispunt,Gewestweg,buiten bebouwde kom,Tss. 2 best.: langs opzij (voor-/achterkant-flank),Geen hindernis
3182,122,Dendermonde teller 2,Dendermonde,51.0373918,4.1019222,0.061820587917849106,51.03784872163625,4.102425904532823,2017,7,16,42006,Dendermonde,Normaal,Droog,Dag,met lichtgewonden,9,personenauto,3,Fiets,Buiten Kruispunt,Gewestweg,binnen bebouwde kom,Tussen 2 bestuurders: Langs achteren,Geen hindernis
3182,125,Dendermonde totem,Dendermonde,51.0372706,4.1025998,0.06542396801974093,51.03784872163625,4.102425904532823,2017,7,16,42006,Dendermonde,Normaal,Droog,Dag,met lichtgewonden,9,personenauto,3,Fiets,Buiten Kruispunt,Gewestweg,binnen bebouwde kom,Tussen 2 bestuurders: Langs achteren,Geen hindernis
3345,138,Hasselt-Kempische brug,Hasselt,50.9405318,5.3422472,0.19033788304560756,50.93902709409728,5.340952154535162,2017,7,17,71022,Hasselt,Normaal,Droog,Dag,met lichtgewonden,6,Bromfiets,3,Fiets,Buiten Kruispunt,Gewestweg,binnen bebouwde kom,Tussen 2 bestuurders: Frontale botsing,Geen hindernis
3345,137,Hasselt-Kempische brug,Hasselt,50.9411605,5.3417576,0.24384454172697873,50.93902709409728,5.340952154535162,2017,7,17,71022,Hasselt,Normaal,Droog,Dag,met lichtgewonden,6,Bromfiets,3,Fiets,Buiten Kruispunt,Gewestweg,binnen bebouwde kom,Tussen 2 bestuurders: Frontale botsing,Geen hindernis
3460,42,Maasmechelen teller 2,Maasmechelen,50.97043,5.6981,0.12747036712563858,50.971541823973936,5.698543534276606,2017,8,12,73107,Maasmechelen,Normaal,Droog,Dag,met lichtgewonden,3,Fiets,5,Lichte vrachtauto,Buiten Kruispunt,Gewestweg,buiten bebouwde kom,Tss. 2 best.: langs opzij (voor-/achterkant-flank),Geen hindernis
3460,41,Maasmechelen teller 1,Maasmechelen,50.97025,5.69799,0.14878153107228786,50.971541823973936,5.698543534276606,2017,8,12,73107,Maasmechelen,Normaal,Droog,Dag,met lichtgewonden,3,Fiets,5,Lichte vrachtauto,Buiten Kruispunt,Gewestweg,buiten bebouwde kom,Tss. 2 best.: langs opzij (voor-/achterkant-flank),Geen hindernis
3473,69,Leuven teller 1,Leuven,50.87549,4.71526,0.21051247759175987,50.87366810902584,4.714444423409694,2017,8,14,24062,Leuven,Normaal,Droog,Dag,met lichtgewonden,6,Bromfiets,3,Fiets,Op Kruispunt,Gewestweg,binnen bebouwde kom,Tussen 2 bestuurders: Frontale botsing,Geen hindernis
3489,101,Diest teller 1,Diest,50.97799,5.04481,0.04771157508636574,50.978340211118756,5.045203756850664,2017,8,10,24020,Diest,Normaal,Droog,Dag,met lichtgewonden,9,personenauto,3,Fiets,Buiten Kruispunt,Gewestweg,binnen bebouwde kom,Tss. 2 best.: langs opzij (voor-/achterkant-flank),Geen hindernis
3489,102,Diest teller 2,Diest,50.9779,5.04474,0.058738245318281895,50.978340211118756,5.045203756850664,2017,8,10,24020,Diest,Normaal,Droog,Dag,met lichtgewonden,9,personenauto,3,Fiets,Buiten Kruispunt,Gewestweg,binnen bebouwde kom,Tss. 2 best.: langs opzij (voor-/achterkant-flank),Geen hindernis
3501,71,Kampenhout teller 2,Kampenhout,50.95589,4.59164,0.15716749015911824,50.95512349266718,4.593525233359327,2017,8,7,23038,Kampenhout,Normaal,Droog,Dag,met lichtgewonden,6,Bromfiets,3,Fiets,Op Kruispunt,Gewestweg,buiten bebouwde kom,Tussen 2 bestuurders: Frontale botsing,Geen hindernis
3501,70,Kampenhout teller 1,Kampenhout,50.95682,4.59318,0.1901865516471831,50.95512349266718,4.593525233359327,2017,8,7,23038,Kampenhout,Normaal,Droog,Dag,met lichtgewonden,6,Bromfiets,3,Fiets,Op Kruispunt,Gewestweg,buiten bebouwde kom,Tussen 2 bestuurders: Frontale botsing,Geen hindernis
3656,16,Kortrijk 1,Kortrijk,50.83332,3.27777,0.08611113940163467,50.83284625815824,3.276800041135042,2017,8,17,34022,Kortrijk,Normaal,Droog,Dag,met lichtgewonden,9,personenauto,3,Fiets,Op Kruispunt,Gewestweg,binnen bebouwde kom,Tussen 2 bestuurders: Frontale botsing,Geen hindernis
3656,17,Kortrijk 2,Kortrijk,50.83339,3.27773,0.0889996346065085,50.83284625815824,3.276800041135042,2017,8,17,34022,Kortrijk,Normaal,Droog,Dag,met lichtgewonden,9,personenauto,3,Fiets,Op Kruispunt,Gewestweg,binnen bebouwde kom,Tussen 2 bestuurders: Frontale botsing,Geen hindernis
3671,68,Ieper,Ieper,50.85032,2.85608,0.16627114411565205,50.85074996755613,2.853811572529685,2017,8,17,33011,Ieper,Normaal,Droog,Dag,met lichtgewonden,3,Fiets,10,"één bestuurder, geen hindernis",Buiten Kruispunt,Gewestweg,buiten bebouwde kom,"Eén bestuurder, geen hindernis (incl. val)",Geen hindernis
3671,67,Ieper totem,Ieper,50.85018,2.85624,0.18188109789932067,50.85074996755613,2.853811572529685,2017,8,17,33011,Ieper,Normaal,Droog,Dag,met lichtgewonden,3,Fiets,10,"één bestuurder, geen hindernis",Buiten Kruispunt,Gewestweg,buiten bebouwde kom,"Eén bestuurder, geen hindernis (incl. val)",Geen hindernis
4028,89,Westerlo teller 2,Westerlo,51.08191,4.91334,0.09574496504636476,51.0810894983241,4.913755682766724,2017,10,8,13013,Herselt,Onbekend,Droog,Dag,met zwaargewonden,3,Fiets,5,Lichte vrachtauto,Op Kruispunt,Gewestweg,buiten bebouwde kom,Tss. 2 best.: langs opzij (voor-/achterkant-flank),Geen hindernis
4028,88,Westerlo teller 1,Westerlo,51.082,4.91325,0.10722857646286305,51.0810894983241,4.913755682766724,2017,10,8,13013,Herselt,Onbekend,Droog,Dag,met zwaargewonden,3,Fiets,5,Lichte vrachtauto,Op Kruispunt,Gewestweg,buiten bebouwde kom,Tss. 2 best.: langs opzij (voor-/achterkant-flank),Geen hindernis
4120,69,Leuven teller 1,Leuven,50.87549,4.71526,0.05879151349908873,50.87497526773162,4.71545149088372,2017,10,18,24062,Leuven,Onbekend,Onbekend,Dag,met lichtgewonden,3,Fiets,3,Fiets,Buiten Kruispunt,Gewestweg,binnen bebouwde kom,Tussen 2 bestuurders: Frontale botsing,Geen hindernis
4143,69,Leuven teller 1,Leuven,50.87549,4.71526,0.19381385485082925,50.87453081617732,4.712953630226136,2017,9,8,24062,Leuven,Normaal,Droog,Dag,met lichtgewonden,9,personenauto,3,Fiets,Buiten Kruispunt,Gemeenteweg,binnen bebouwde kom,Tussen 2 bestuurders: Langs achteren,Geen hindernis
4153,69,Leuven teller 1,Leuven,50.87549,4.71526,0.22307699810233445,50.87348393017765,4.715293265151324,2017,9,13,24062,Leuven,Normaal,Droog,Dag,met lichtgewonden,9,personenauto,3,Fiets,Buiten Kruispunt,Gewestweg,binnen bebouwde kom,Tss. 2 best.: langs opzij (voor-/achterkant-flank),Geen hindernis
4166,24,Tienen 1,Tienen,50.8133795491886,4.935044252605416,0.03425028673718129,50.813071821087966,4.935065478891149,2017,9,8,24107,Tienen,Regenval,"Nat, plassen",Dageraad - schemering,met lichtgewonden,9,personenauto,3,Fiets,Op Kruispunt,Gewestweg,binnen bebouwde kom,Tss. 2 best.: langs opzij (voor-/achterkant-flank),Geen hindernis
4166,23,Tienen 3,Tienen,50.81324,4.93447,0.04582679040519459,50.813071821087966,4.935065478891149,2017,9,8,24107,Tienen,Regenval,"Nat, plassen",Dageraad - schemering,met lichtgewonden,9,personenauto,3,Fiets,Op Kruispunt,Gewestweg,binnen bebouwde kom,Tss. 2 best.: langs opzij (voor-/achterkant-flank),Geen hindernis
4166,22,Tienen 2,Tienen,50.81330800184882,4.935984252796022,0.06968952838735547,50.813071821087966,4.935065478891149,2017,9,8,24107,Tienen,Regenval,"Nat, plassen",Dageraad - schemering,met lichtgewonden,9,personenauto,3,Fiets,Op Kruispunt,Gewestweg,binnen bebouwde kom,Tss. 2 best.: langs opzij (voor-/achterkant-flank),Geen hindernis
4192,87,Aarschot,Aarschot,50.99084,4.81259,0.2017743783785737,50.990622607807076,4.8097279097598316,2017,9,18,24007,Begijnendijk,Normaal,Droog+Proper,Dag,met lichtgewonden,3,Fiets,9,personenauto,Op Kruispunt,Gewestweg,buiten bebouwde kom,Tussen 2 bestuurders: Langs achteren,Geen hindernis
4195,87,Aarschot,Aarschot,50.99084,4.81259,0.18575958792082087,50.99024294480608,4.810111258986263,2017,10,13,24007,Begijnendijk,Normaal,Droog,Dag,met zwaargewonden,9,personenauto,3,Fiets,Buiten Kruispunt,Gewestweg,buiten bebouwde kom,Tss. 2 best.: langs opzij (voor-/achterkant-flank),Geen hindernis
4255,119,Gent teller 2,Gent,51.0281795,3.7683918,0.028015317256526118,51.02796631451085,3.7686052934955527,2017,10,15,44021,Gent,Normaal,Droog,Dag,met lichtgewonden,3,Fiets,9,personenauto,Buiten Kruispunt,Gewestweg,onbekend,Tss. 2 best.: langs opzij (voor-/achterkant-flank),Geen hindernis
4255,118,Gent teller 1,Gent,51.028049,3.7681359,0.03409027919138015,51.02796631451085,3.7686052934955527,2017,10,15,44021,Gent,Normaal,Droog,Dag,met lichtgewonden,3,Fiets,9,personenauto,Buiten Kruispunt,Gewestweg,onbekend,Tss. 2 best.: langs opzij (voor-/achterkant-flank),Geen hindernis
4592,122,Dendermonde teller 2,Dendermonde,51.0373918,4.1019222,0.061820587917849106,51.03784872163625,4.102425904532823,2017,10,16,42006,Dendermonde,Normaal,Droog,Dag,met lichtgewonden,9,personenauto,3,Fiets,Buiten Kruispunt,Gewestweg,buiten bebouwde kom,Tss. 2 best.: langs opzij (voor-/achterkant-flank),Geen hindernis
4592,125,Dendermonde totem,Dendermonde,51.0372706,4.1025998,0.06542396801974093,51.03784872163625,4.102425904532823,2017,10,16,42006,Dendermonde,Normaal,Droog,Dag,met lichtgewonden,9,personenauto,3,Fiets,Buiten Kruispunt,Gewestweg,buiten bebouwde kom,Tss. 2 best.: langs opzij (voor-/achterkant-flank),Geen hindernis
4707,56,Torhout teller 2,Torhout,51.07147,3.08244,0.1463762270221473,51.07212937364643,3.0806267484780663,2017,10,14,31033,Torhout,Normaal,Droog,Dag,met lichtgewonden,9,personenauto,3,Fiets,Op Kruispunt,Gewestweg,binnen bebouwde kom,Tussen 2 bestuurders: Frontale botsing,Geen hindernis
4707,55,Torhout teller 1,Torhout,51.07161,3.08261,0.15012054273816502,51.07212937364643,3.0806267484780663,2017,10,14,31033,Torhout,Normaal,Droog,Dag,met lichtgewonden,9,personenauto,3,Fiets,Op Kruispunt,Gewestweg,binnen bebouwde kom,Tussen 2 bestuurders: Frontale botsing,Geen hindernis
4746,17,Kortrijk 2,Kortrijk,50.83339,3.27773,0.11038192698848902,50.83415444204025,3.278732722839238,2017,9,12,34022,Kortrijk,Normaal,Droog,Dag,met lichtgewonden,9,personenauto,3,Fiets,Op Kruispunt,Gewestweg,binnen bebouwde kom,Tss. 2 best.: langs opzij (voor-/achterkant-flank),Geen hindernis
4746,16,Kortrijk 1,Kortrijk,50.83332,3.27777,0.11480538623213633,50.83415444204025,3.278732722839238,2017,9,12,34022,Kortrijk,Normaal,Droog,Dag,met lichtgewonden,9,personenauto,3,Fiets,Op Kruispunt,Gewestweg,binnen bebouwde kom,Tss. 2 best.: langs opzij (voor-/achterkant-flank),Geen hindernis
4834,100,Mechelen teller 2,Mechelen,51.0457,4.46883,0.19962810189358912,51.047399028365824,4.467907445179255,2017,9,20,12025,Mechelen,Normaal,Droog,"Nacht, openbare verlichting aanwezig en ontstoken",met lichtgewonden,9,personenauto,3,Fiets,Op Kruispunt,Gewestweg,binnen bebouwde kom,Tss. 2 best.: langs opzij (voor-/achterkant-flank),Geen hindernis