crash_row_id,site_id,site_name,site_gemeente,site_lat,site_long,distance_km,crash_lat,crash_long,DT_YEAR_COLLISION,DT_MONTH_COLLISION,DT_TIME,CD_NIS,TX_MUNTY_COLLISION_NL,TX_WEATHER_NL,TX_ROAD_CONDITION_NL,TX_LIGHT_CONDITION_NL,TX_CLASS_ACCIDENTS_NL,CD_ROAD_USR_TYPE1,TX_ROAD_USR_TYPE1_NL,CD_ROAD_USR_TYPE2,TX_ROAD_USR_TYPE2_NL,TX_CROSSWAY_NL,CD_ROAD_TYPE_NL,TX_BUILD_UP_AREA_NL,TX_COLLISION_TYPE_NL,TX_OBSTACLES_NL
4834,99,Mechelen teller 1,Mechelen,51.04564,4.46882,0.20573549087624338,51.047399028365824,4.467907445179255,2017,9,20,12025,Mechelen,Normaal,Droog,"Nacht, openbare verlichting aanwezig en ontstoken",met lichtgewonden,9,personenauto,3,Fiets,Op Kruispunt,Gewestweg,binnen bebouwde kom,Tss. 2 best.: langs opzij (voor-/achterkant-flank),Geen hindernis
5145,7,Evergem 1,Evergem,51.1089,3.70317,0.24232336294700432,51.10729228540374,3.7055132375290087,2017,11,14,44019,Evergem,Regenval,"Nat, plassen",Dag,met lichtgewonden,3,Fiets,9,personenauto,Buiten Kruispunt,Gewestweg,binnen bebouwde kom,Tussen 2 bestuurders: Frontale botsing,Geen hindernis
5442,118,Gent teller 1,Gent,51.028049,3.7681359,0.04148378915677053,51.02779619370568,3.768572121433177,2017,12,16,44021,Gent,Normaal,Droog+Proper,Dageraad - schemering,met lichtgewonden,6,Bromfiets,3,Fiets,Op Kruispunt,Gewestweg,binnen bebouwde kom,Tss. 2 best.: langs opzij (voor-/achterkant-flank),Geen hindernis
5442,119,Gent teller 2,Gent,51.0281795,3.7683918,0.04444819948174501,51.02779619370568,3.768572121433177,2017,12,16,44021,Gent,Normaal,Droog+Proper,Dageraad - schemering,met lichtgewonden,6,Bromfiets,3,Fiets,Op Kruispunt,Gewestweg,binnen bebouwde kom,Tss. 2 best.: langs opzij (voor-/achterkant-flank),Geen hindernis
5574,143,Eco Display Classic Budastraat,Kortrijk,50.83066,3.26286,0.19273690175785688,50.82923034093349,3.2644116274916093,2017,12,12,34022,Kortrijk,Normaal,Droog,Dag,met lichtgewonden,3,Fiets,11,een weggebruiker tegen een hindernis,Buiten Kruispunt,Gemeenteweg,binnen bebouwde kom,Weggebruiker tegen hindernis op de rijbaan,Op de rijbaan: Dier (huisdier)
5614,26,Zaventem,Zaventem,50.86995,4.45444,0.24779387824113772,50.86772524238689,4.454236432176539,2018,1,18,23094,Zaventem,Onbekend,Onbekend,Onbekend,met lichtgewonden,9,personenauto,3,Fiets,Buiten Kruispunt,Gemeenteweg,binnen bebouwde kom,Tussen 2 bestuurders: Flank tegen flank,Geen hindernis
5725,46,Pelt teller 2,Pelt,51.231,5.44375,0.15237315686703234,51.23013482475104,5.442052958025283,2018,1,16,72043,Pelt,Normaal,Droog,Dag,met lichtgewonden,3,Fiets,9,personenauto,Buiten Kruispunt,Gewestweg,binnen bebouwde kom,Tss. 2 best.: langs opzij (voor-/achterkant-flank),Geen hindernis
5725,45,Pelt teller 1,Pelt,51.23127,5.44377,0.17385751585007256,51.23013482475104,5.442052958025283,2018,1,16,72043,Pelt,Normaal,Droog,Dag,met lichtgewonden,3,Fiets,9,personenauto,Buiten Kruispunt,Gewestweg,binnen bebouwde kom,Tss. 2 best.: langs opzij (voor-/achterkant-flank),Geen hindernis
5799,119,Gent teller 2,Gent,51.0281795,3.7683918,0.22517224960252472,51.026568508757826,3.7703426055684988,2018,1,7,44021,Gent,"Sterke wind, rukwind",Droog,"Nacht, openbare verlichting aanwezig en ontstoken",met lichtgewonden,9,personenauto,3,Fiets,Op Kruispunt,Gewestweg,binnen bebouwde kom,Tss. 2 best.: langs opzij (voor-/achterkant-flank),Geen hindernis
5799,118,Gent teller 1,Gent,51.028049,3.7681359,0.22565012260392917,51.026568508757826,3.7703426055684988,2018,1,7,44021,Gent,"Sterke wind, rukwind",Droog,"Nacht, openbare verlichting aanwezig en ontstoken",met lichtgewonden,9,personenauto,3,Fiets,Op Kruispunt,Gewestweg,binnen bebouwde kom,Tss. 2 best.: langs opzij (voor-/achterkant-flank),Geen hindernis
5919,15,Oostende 2,Oostende,51.21371,2.92743,0.11282207645063844,51.21282397856141,2.928219267495095,2018,2,14,35013,Oostende,Normaal,Droog,Dag,met lichtgewonden,5,Lichte vrachtauto,3,Fiets,Buiten Kruispunt,Gemeenteweg,binnen bebouwde kom,Tss. 2 best.: langs opzij (voor-/achterkant-flank),Geen hindernis
5919,18,Oostende 1,Oostende,51.21378,2.92765,0.11345926788123444,51.21282397856141,2.928219267495095,2018,2,14,35013,Oostende,Normaal,Droog,Dag,met lichtgewonden,5,Lichte vrachtauto,3,Fiets,Buiten Kruispunt,Gemeenteweg,binnen bebouwde kom,Tss. 2 best.: langs opzij (voor-/achterkant-flank),Geen hindernis
5959,66,Nieuwpoort totem,Nieuwpoort,51.1347,2.74369,0.2479931744600429,51.133193493220645,2.7463107577468704,2018,1,8,38016,Nieuwpoort,Normaal,Droog,Dag,met lichtgewonden,3,Fiets,9,personenauto,Op Kruispunt,Gewestweg,binnen bebouwde kom,Tss. 2 best.: langs opzij (voor-/achterkant-flank),Geen hindernis
6127,24,Tienen 1,Tienen,50.8133795491886,4.935044252605416,0.009770190624328684,50.81334426656314,4.9351716095648674,2018,2,19,24107,Tienen,Normaal,Droog,"Nacht, openbare verlichting aanwezig en ontstoken",met lichtgewonden,9,personenauto,3,Fiets,Op Kruispunt,Gewestweg,binnen bebouwde kom,Tss. 2 best.: langs opzij (voor-/achterkant-flank),Geen hindernis
6127,23,Tienen 3,Tienen,50.81324,4.93447,0.05063909509282226,50.81334426656314,4.9351716095648674,2018,2,19,24107,Tienen,Normaal,Droog,"Nacht, openbare verlichting aanwezig en ontstoken",met lichtgewonden,9,personenauto,3,Fiets,Op Kruispunt,Gewestweg,binnen bebouwde kom,Tss. 2 best.: langs opzij (voor-/achterkant-flank),Geen hindernis
6127,22,Tienen 2,Tienen,50.81330800184882,4.935984252796022,0.057237242823281576,50.81334426656314,4.9351716095648674,2018,2,19,24107,Tienen,Normaal,Droog,"Nacht, openbare verlichting aanwezig en ontstoken",met lichtgewonden,9,personenauto,3,Fiets,Op Kruispunt,Gewestweg,binnen bebouwde kom,Tss. 2 best.: langs opzij (voor-/achterkant-flank),Geen hindernis
6150,118,Gent teller 1,Gent,51.028049,3.7681359,0.07615675302812097,51.028465940273364,3.767271965127867,2018,2,10,44021,Gent,Normaal,Droog,Dag,met lichtgewonden,3,Fiets,9,personenauto,Op Kruispunt,Gewestweg,binnen bebouwde kom,Tss. 2 best.: langs opzij (voor-/achterkant-flank),Geen hindernis
6150,119,Gent teller 2,Gent,51.0281795,3.7683918,0.0845442053461961,51.028465940273364,3.767271965127867,2018,2,10,44021,Gent,Normaal,Droog,Dag,met lichtgewonden,3,Fiets,9,personenauto,Op Kruispunt,Gewestweg,binnen bebouwde kom,Tss. 2 best.: langs opzij (voor-/achterkant-flank),Geen hindernis
6242,142,TEST Validatie BRUGGE Y2H22022134,Brugge,51.22632,3.24095,0.22675715784383021,51.2246912740347,3.238990499295502,2018,2,17,31005,Brugge,Onbekend,Onbekend,Dageraad - schemering,met lichtgewonden,3,Fiets,3,Fiets,Op Kruispunt,Gewestweg,binnen bebouwde kom,Tss. 2 best.: langs opzij (voor-/achterkant-flank),Geen hindernis
6242,52,Brugge,Brugge,51.22632,3.24095,0.22675715784383021,51.2246912740347,3.238990499295502,2018,2,17,31005,Brugge,Onbekend,Onbekend,Dageraad - schemering,met lichtgewonden,3,Fiets,3,Fiets,Op Kruispunt,Gewestweg,binnen bebouwde kom,Tss. 2 best.: langs opzij (voor-/achterkant-flank),Geen hindernis
6306,41,Maasmechelen teller 1,Maasmechelen,50.97025,5.69799,0.030783648186253128,50.96999401387289,5.697822591285061,2018,2,9,73107,Maasmechelen,Normaal,Droog,Dag,met lichtgewonden,9,personenauto,3,Fiets,Op Kruispunt,Gewestweg,binnen bebouwde kom,Tss. 2 best.: langs opzij (voor-/achterkant-flank),Geen hindernis
6306,42,Maasmechelen teller 2,Maasmechelen,50.97043,5.6981,0.052226217022887544,50.96999401387289,5.697822591285061,2018,2,9,73107,Maasmechelen,Normaal,Droog,Dag,met lichtgewonden,9,personenauto,3,Fiets,Op Kruispunt,Gewestweg,binnen bebouwde kom,Tss. 2 best.: langs opzij (voor-/achterkant-flank),Geen hindernis
6400,3,Brasschaat 1,Brasschaat,51.27503,4.47222,0.03381275850024138,51.27532918503637,4.472306913804035,2018,3,17,11008,Brasschaat,Normaal,Droog,Dag,met lichtgewonden,9,personenauto,3,Fiets,Buiten Kruispunt,Gewestweg,buiten bebouwde kom,Tss. 2 best.: langs opzij (voor-/achterkant-flank),Geen hindernis
6400,2,Brasschaat 2,Brasschaat,51.27512,4.47169,0.048811856872344676,51.27532918503637,4.472306913804035,2018,3,17,11008,Brasschaat,Normaal,Droog,Dag,met lichtgewonden,9,personenauto,3,Fiets,Buiten Kruispunt,Gewestweg,buiten bebouwde kom,Tss. 2 best.: langs opzij (voor-/achterkant-flank),Geen hindernis
6469,77,Leuven teller 2,Leuven,50.88672,4.70796,0.2101108636833756,50.88814502973595,4.705992996467997,2018,3,20,24062,Leuven,Normaal,Droog,"Nacht, openbare verlichting aanwezig en ontstoken",met zwaargewonden,6,Bromfiets,3,Fiets,Buiten Kruispunt,Gemeenteweg,buiten bebouwde kom,Tss. 2 best.: langs opzij (voor-/achterkant-flank),Geen hindernis
6469,107,leuven totem,Leuven,50.8870744,4.7087919,0.22960715920757105,50.88814502973595,4.705992996467997,2018,3,20,24062,Leuven,Normaal,Droog,"Nacht, openbare verlichting aanwezig en ontstoken",met zwaargewonden,6,Bromfiets,3,Fiets,Buiten Kruispunt,Gemeenteweg,buiten bebouwde kom,Tss. 2 best.: langs opzij (voor-/achterkant-flank),Geen hindernis
6674,17,Kortrijk 2,Kortrijk,50.83339,3.27773,0.22214992966361813,50.834883902631375,3.279830345683916,2018,3,20,34022,Kortrijk,Normaal,Droog,"Nacht, openbare verlichting aanwezig en ontstoken",met lichtgewonden,3,Fiets,9,personenauto,Buiten Kruispunt,Gewestweg,binnen bebouwde kom,Tussen 2 bestuurders: Langs achteren,Geen hindernis
6674,16,Kortrijk 1,Kortrijk,50.83332,3.27777,0.22622193349309905,50.834883902631375,3.279830345683916,2018,3,20,34022,Kortrijk,Normaal,Droog,"Nacht, openbare verlichting aanwezig en ontstoken",met lichtgewonden,3,Fiets,9,personenauto,Buiten Kruispunt,Gewestweg,binnen bebouwde kom,Tussen 2 bestuurders: Langs achteren,Geen hindernis
6676,143,Eco Display Classic Budastraat,Kortrijk,50.83066,3.26286,0.1487290468679414,50.8294203073042,3.2636551005534633,2018,3,13,34022,Kortrijk,Normaal,Droog,Dag,met lichtgewonden,3,Fiets,3,Fiets,Buiten Kruispunt,Gemeenteweg,binnen bebouwde kom,Tussen 2 bestuurders: Frontale botsing,Geen hindernis
6829,89,Westerlo teller 2,Westerlo,51.08191,4.91334,0.14517142459925844,51.08066015748438,4.913940630734161,2018,4,16,13013,Herselt,Onbekend,Onbekend,Onbekend,met lichtgewonden,3,Fiets,3,Fiets,Buiten Kruispunt,Gewestweg,onbekend,Tss. 2 best.: langs opzij (voor-/achterkant-flank),Geen hindernis
6829,88,Westerlo teller 1,Westerlo,51.082,4.91325,0.15660009951765919,51.08066015748438,4.913940630734161,2018,4,16,13013,Herselt,Onbekend,Onbekend,Onbekend,met lichtgewonden,3,Fiets,3,Fiets,Buiten Kruispunt,Gewestweg,onbekend,Tss. 2 best.: langs opzij (voor-/achterkant-flank),Geen hindernis
6935,118,Gent teller 1,Gent,51.028049,3.7681359,0.04030132066999572,51.028355940743566,3.7678294454445314,2018,4,8,44021,Gent,Normaal,Droog,Dag,met lichtgewonden,9,personenauto,3,Fiets,Op Kruispunt,Gewestweg,binnen bebouwde kom,Tss. 2 best.: langs opzij (voor-/achterkant-flank),Geen hindernis
6935,119,Gent teller 2,Gent,51.0281795,3.7683918,0.043950108071750475,51.028355940743566,3.7678294454445314,2018,4,8,44021,Gent,Normaal,Droog,Dag,met lichtgewonden,9,personenauto,3,Fiets,Op Kruispunt,Gewestweg,binnen bebouwde kom,Tss. 2 best.: langs opzij (voor-/achterkant-flank),Geen hindernis
7117,57,Meulebeke teller 1,Meulebeke,50.96056,3.24491,0.11122304491530548,50.96153130973293,3.244530735723735,2018,4,20,37007,Meulebeke,Normaal,Droog+Proper,Dageraad - schemering,met lichtgewonden,9,personenauto,3,Fiets,Op Kruispunt,Gewestweg,buiten bebouwde kom,Tss. 2 best.: langs opzij (voor-/achterkant-flank),Geen hindernis
7117,58,Meulebeke teller 2,Meulebeke,50.96021,3.24471,0.14745839361951682,50.96153130973293,3.244530735723735,2018,4,20,37007,Meulebeke,Normaal,Droog+Proper,Dageraad - schemering,met lichtgewonden,9,personenauto,3,Fiets,Op Kruispunt,Gewestweg,buiten bebouwde kom,Tss. 2 best.: langs opzij (voor-/achterkant-flank),Geen hindernis
7134,17,Kortrijk 2,Kortrijk,50.83339,3.27773,0.11038192698848902,50.83415444204025,3.278732722839238,2018,4,14,34022,Kortrijk,Normaal,Droog,Dag,met lichtgewonden,9,personenauto,3,Fiets,Op Kruispunt,Gewestweg,binnen bebouwde kom,Tss. 2 best.: langs opzij (voor-/achterkant-flank),Geen hindernis
7134,16,Kortrijk 1,Kortrijk,50.83332,3.27777,0.11480538623213633,50.83415444204025,3.278732722839238,2018,4,14,34022,Kortrijk,Normaal,Droog,Dag,met lichtgewonden,9,personenauto,3,Fiets,Op Kruispunt,Gewestweg,binnen bebouwde kom,Tss. 2 best.: langs opzij (voor-/achterkant-flank),Geen hindernis
7175,140,Hasselt ring,Hasselt,50.9300038,5.3438616,0.22936893795910687,50.9279416070358,5.343784569297438,2018,4,15,71022,Hasselt,Normaal,Onbekend,Dag,met lichtgewonden,3,Fiets,9,personenauto,Buiten Kruispunt,Gemeenteweg,binnen bebouwde kom,Tss. 2 best.: langs opzij (voor-/achterkant-flank),Geen hindernis
7306,3,Brasschaat 1,Brasschaat,51.27503,4.47222,0.03381275850024138,51.27532918503637,4.472306913804035,2018,5,16,11008,Brasschaat,Normaal,Droog,Dag,met lichtgewonden,9,personenauto,3,Fiets,Buiten Kruispunt,Gewestweg,buiten bebouwde kom,Tss. 2 best.: langs opzij (voor-/achterkant-flank),Geen hindernis
7306,2,Brasschaat 2,Brasschaat,51.27512,4.47169,0.048811856872344676,51.27532918503637,4.472306913804035,2018,5,16,11008,Brasschaat,Normaal,Droog,Dag,met lichtgewonden,9,personenauto,3,Fiets,Buiten Kruispunt,Gewestweg,buiten bebouwde kom,Tss. 2 best.: langs opzij (voor-/achterkant-flank),Geen hindernis
7468,78,Pepingen teller 1,Pepingen,50.75824,4.1652,0.014930343558190519,50.75821477761025,4.165408477389026,2018,5,10,23064,Pepingen,Normaal,Droog,Dag,met lichtgewonden,8,Voetganger,3,Fiets,Buiten Kruispunt,Gewestweg,binnen bebouwde kom,Met een voetganger,Geen hindernis
7468,79,Pepingen teller 2,Pepingen,50.75848,4.16537,0.029615318746782908,50.75821477761025,4.165408477389026,2018,5,10,23064,Pepingen,Normaal,Droog,Dag,met lichtgewonden,8,Voetganger,3,Fiets,Buiten Kruispunt,Gewestweg,binnen bebouwde kom,Met een voetganger,Geen hindernis
7495,118,Gent teller 1,Gent,51.028049,3.7681359,0.15629382842839368,51.0290143062434,3.766511419157813,2018,5,12,44021,Gent,Normaal,Droog,Dag,met lichtgewonden,9,personenauto,3,Fiets,Op Kruispunt,Gewestweg,buiten bebouwde kom,Tss. 2 best.: langs opzij (voor-/achterkant-flank),Geen hindernis
7495,119,Gent teller 2,Gent,51.0281795,3.7683918,0.16096482799065787,51.0290143062434,3.766511419157813,2018,5,12,44021,Gent,Normaal,Droog,Dag,met lichtgewonden,9,personenauto,3,Fiets,Op Kruispunt,Gewestweg,buiten bebouwde kom,Tss. 2 best.: langs opzij (voor-/achterkant-flank),Geen hindernis
7841,140,Hasselt ring,Hasselt,50.9300038,5.3438616,0.1608593913101219,50.928846407021894,5.345238583794631,2018,5,9,71022,Hasselt,Normaal,Droog+Proper,Dag,met lichtgewonden,9,personenauto,3,Fiets,Op Kruispunt,Gemeenteweg,binnen bebouwde kom,Tss. 2 best.: langs opzij (voor-/achterkant-flank),Geen hindernis
7842,140,Hasselt ring,Hasselt,50.9300038,5.3438616,0.07488956705847588,50.9305143801441,5.344558468477403,2018,5,18,71022,Hasselt,Normaal,Droog,Dag,met lichtgewonden,9,personenauto,3,Fiets,Op Kruispunt,Gewestweg,binnen bebouwde kom,Tussen 2 bestuurders: Frontale botsing,Geen hindernis
7952,91,Brecht teller 2,Brecht,51.35739,4.62422,0.18596426347869235,51.356027687386195,4.625773467894857,2018,6,12,11009,Brecht,Normaal,Droog,Dag,met lichtgewonden,3,Fiets,3,Fiets,Op Kruispunt,Gewestweg,binnen bebouwde kom,Tussen 2 bestuurders: Langs achteren,Geen hindernis
7952,90,Brecht teller 1,Brecht,51.35752,4.6243,0.19494489153485464,51.356027687386195,4.625773467894857,2018,6,12,11009,Brecht,Normaal,Droog,Dag,met lichtgewonden,3,Fiets,3,Fiets,Op Kruispunt,Gewestweg,binnen bebouwde kom,Tussen 2 bestuurders: Langs achteren,Geen hindernis
8008,88,Westerlo teller 1,Westerlo,51.082,4.91325,0.08547574888019988,51.08207907795581,4.912032847653247,2018,6,18,13049,Westerlo,Normaal,Droog,Dag,met lichtgewonden,3,Fiets,6,Bromfiets,Buiten Kruispunt,Gewestweg,buiten bebouwde kom,Tussen 2 bestuurders: Flank tegen flank,Geen hindernis
8008,89,Westerlo teller 2,Westerlo,51.08191,4.91334,0.09322460076522388,51.08207907795581,4.912032847653247,2018,6,18,13049,Westerlo,Normaal,Droog,Dag,met lichtgewonden,3,Fiets,6,Bromfiets,Buiten Kruispunt,Gewestweg,buiten bebouwde kom,Tussen 2 bestuurders: Flank tegen flank,Geen hindernis
8062,69,Leuven teller 1,Leuven,50.87549,4.71526,0.23651852201290666,50.87367016881226,4.713514913155444,2018,6,23,24062,Leuven,Onbekend,Onbekend,"Nacht, openbare verlichting aanwezig en ontstoken",met lichtgewonden,3,Fiets,8,Voetganger,Buiten Kruispunt,Gemeenteweg,binnen bebouwde kom,Met een voetganger,Geen hindernis
8387,143,Eco Display Classic Budastraat,Kortrijk,50.83066,3.26286,0.22119712855988216,50.82895683707845,3.264487284527242,2018,6,15,34022,Kortrijk,Normaal,Droog,Dag,met lichtgewonden,3,Fiets,8,Voetganger,Buiten Kruispunt,Gemeenteweg,binnen bebouwde kom,Met een voetganger,Geen hindernis
8399,143,Eco Display Classic Budastraat,Kortrijk,50.83066,3.26286,0.1497903591508526,50.83175485524602,3.2616174035265826,2018,6,14,34022,Kortrijk,Normaal,Droog,Dag,met lichtgewonden,3,Fiets,11,een weggebruiker tegen een hindernis,Buiten Kruispunt,Gemeenteweg,binnen bebouwde kom,Weggebruiker tegen hindernis op de rijbaan,"Op de rijbaan: Werken (signal., aarde, toestel,…)"
8476,140,Hasselt ring,Hasselt,50.9300038,5.3438616,0.05926458639578366,50.93048267207561,5.344232845976429,2018,6,17,71022,Hasselt,Normaal,Droog,Dag,met lichtgewonden,9,personenauto,3,Fiets,Op Kruispunt,Gewestweg,binnen bebouwde kom,Tss. 2 best.: langs opzij (voor-/achterkant-flank),Geen hindernis
8484,140,Hasselt ring,Hasselt,50.9300038,5.3438616,0.22936893795910687,50.9279416070358,5.343784569297438,2018,6,17,71022,Hasselt,Normaal,Droog,Dag,met lichtgewonden,9,personenauto,3,Fiets,Buiten Kruispunt,Gemeenteweg,binnen bebouwde kom,Tss. 2 best.: langs opzij (voor-/achterkant-flank),Geen hindernis
8720,26,Zaventem,Zaventem,50.86995,4.45444,0.20250759494466294,50.86835843360969,4.4530372773865805,2018,7,8,23094,Zaventem,Normaal,Droog,Dag,met lichtgewonden,3,Fiets,9,personenauto,Op Kruispunt,Gewestweg,binnen bebouwde kom,Tussen 2 bestuurders: Flank tegen flank,Geen hindernis
8822,115,Aalter,Aalter,51.1058367,3.4350591,0.04732256380162977,51.1054127206667,3.4350003316829927,2018,7,6,44084,Aalter,Normaal,Droog,Dag,met zwaargewonden,3,Fiets,10,"één bestuurder, geen hindernis",Op Kruispunt,Gemeenteweg,buiten bebouwde kom,"Eén bestuurder, geen hindernis (incl. val)",Geen hindernis
8874,121,Zele teller 2,Zele,51.0604067,4.0556696,0.02338538638642517,51.06032573010651,4.055360772966991,2018,7,9,42028,Zele,Normaal,Droog,Dag,met lichtgewonden,9,personenauto,3,Fiets,Op Kruispunt,Gewestweg,buiten bebouwde kom,Tss. 2 best.: langs opzij (voor-/achterkant-flank),Geen hindernis
8874,120,Zele teller 1,Zele,51.0607671,4.0547741,0.06395054309792224,51.06032573010651,4.055360772966991,2018,7,9,42028,Zele,Normaal,Droog,Dag,met lichtgewonden,9,personenauto,3,Fiets,Op Kruispunt,Gewestweg,buiten bebouwde kom,Tss. 2 best.: langs opzij (voor-/achterkant-flank),Geen hindernis
8903,122,Dendermonde teller 2,Dendermonde,51.0373918,4.1019222,0.10313185568039776,51.038280527725874,4.102344143554155,2018,7,15,42006,Dendermonde,Normaal,Droog,Dag,met lichtgewonden,9,personenauto,3,Fiets,Buiten Kruispunt,Gewestweg,binnen bebouwde kom,Tss. 2 best.: langs opzij (voor-/achterkant-flank),Geen hindernis
8903,125,Dendermonde totem,Dendermonde,51.0372706,4.1025998,0.11371264234002253,51.038280527725874,4.102344143554155,2018,7,15,42006,Dendermonde,Normaal,Droog,Dag,met lichtgewonden,9,personenauto,3,Fiets,Buiten Kruispunt,Gewestweg,binnen bebouwde kom,Tss. 2 best.: langs opzij (voor-/achterkant-flank),Geen hindernis
8985,143,Eco Display Classic Budastraat,Kortrijk,50.83066,3.26286,0.1270757814162317,50.829899081013394,3.264209967863124,2018,7,17,34022,Kortrijk,Regenval,"Nat, plassen",Dag,met lichtgewonden,3,Fiets,9,personenauto,Buiten Kruispunt,Gemeenteweg,binnen bebouwde kom,Tussen 2 bestuurders: Langs achteren,Geen hindernis
8998,65,Nieuwpoort teller 2,Nieuwpoort,51.13435,2.75511,0.06265144275540734,51.13381382849721,2.754834056696519,2018,7,14,38016,Nieuwpoort,Normaal,Droog,Dag,met lichtgewonden,6,Bromfiets,3,Fiets,Buiten Kruispunt,Gewestweg,binnen bebouwde kom,Tussen 2 bestuurders: Frontale botsing,Geen hindernis
8998,64,Nieuwpoort teller 1,Nieuwpoort,51.13359,2.75737,0.17868823227261627,51.13381382849721,2.754834056696519,2018,7,14,38016,Nieuwpoort,Normaal,Droog,Dag,met lichtgewonden,6,Bromfiets,3,Fiets,Buiten Kruispunt,Gewestweg,binnen bebouwde kom,Tussen 2 bestuurders: Frontale botsing,Geen hindernis
8999,64,Nieuwpoort teller 1,Nieuwpoort,51.13359,2.75737,0.18695883999500268,51.13395494102462,2.7599855649771947,2018,7,17,38016,Nieuwpoort,Normaal,Droog,Dag,met lichtgewonden,9,personenauto,3,Fiets,Buiten Kruispunt,Gewestweg,binnen bebouwde kom,Tss. 2 best.: langs opzij (voor-/achterkant-flank),Geen hindernis
9009,61,Wervik teller 2,Wervik,50.80555,3.0921,0.01941670133924577,50.80568435579054,3.0919235067024493,2018,7,14,33029,Wervik,Normaal,Droog,Dag,met lichtgewonden,9,personenauto,3,Fiets,Buiten Kruispunt,Gewestweg,buiten bebouwde kom,Tussen 2 bestuurders: Langs achteren,Geen hindernis
9009,62,Wervik teller 1,Wervik,50.8058,3.09154,0.02985968524690711,50.80568435579054,3.0919235067024493,2018,7,14,33029,Wervik,Normaal,Droog,Dag,met lichtgewonden,9,personenauto,3,Fiets,Buiten Kruispunt,Gewestweg,buiten bebouwde kom,Tussen 2 bestuurders: Langs achteren,Geen hindernis
9044,138,Hasselt-Kempische brug,Hasselt,50.9405318,5.3422472,0.23726942743743834,50.93858941951691,5.340845351878659,2018,7,7,71022,Hasselt,Normaal,Droog,Dag,met lichtgewonden,3,Fiets,8,Voetganger,Buiten Kruispunt,Gewestweg,binnen bebouwde kom,Met een voetganger,Geen hindernis
9351,115,Aalter,Aalter,51.1058367,3.4350591,0.20433332990138933,51.104243681048544,3.4365179949065507,2018,8,13,44084,Aalter,Normaal,Droog,Dag,met lichtgewonden,9,personenauto,3,Fiets,Buiten Kruispunt,Gewestweg,binnen bebouwde kom,Tussen 2 bestuurders: Flank tegen flank,Geen hindernis
9514,16,Kortrijk 1,Kortrijk,50.83332,3.27777,0.21980523143926023,50.83196944189015,3.2754845641662387,2018,8,12,34022,Kortrijk,Normaal,Droog,Dag,met lichtgewonden,9,personenauto,3,Fiets,Op Kruispunt,Gewestweg,binnen bebouwde kom,Tss. 2 best.: langs opzij (voor-/achterkant-flank),Geen hindernis
9514,17,Kortrijk 2,Kortrijk,50.83339,3.27773,0.2232013196454198,50.83196944189015,3.2754845641662387,2018,8,12,34022,Kortrijk,Normaal,Droog,Dag,met lichtgewonden,9,personenauto,3,Fiets,Op Kruispunt,Gewestweg,binnen bebouwde kom,Tss. 2 best.: langs opzij (voor-/achterkant-flank),Geen hindernis
9698,95,Lier teller 1,Lier,51.11687,4.58437,0.11455610347928957,51.11618365572886,4.585593933723407,2018,9,7,12021,Lier,Normaal,Droog,Dag,met lichtgewonden,3,Fiets,5,Lichte vrachtauto,Buiten Kruispunt,Gewestweg,buiten bebouwde kom,Tussen 2 bestuurders: Flank tegen flank,Geen hindernis
9698,96,Lier teller 2,Lier,51.11705,4.58444,0.1255695677262295,51.11618365572886,4.585593933723407,2018,9,7,12021,Lier,Normaal,Droog,Dag,met lichtgewonden,3,Fiets,5,Lichte vrachtauto,Buiten Kruispunt,Gewestweg,buiten bebouwde kom,Tussen 2 bestuurders: Flank tegen flank,Geen hindernis
9774,107,leuven totem,Leuven,50.8870744,4.7087919,0.07054182369108761,50.886643299639296,4.7095296575689165,2018,9,17,24062,Leuven,Onbekend,Onbekend,Dag,met lichtgewonden,4,Vrachtwagen,3,Fiets,Op Kruispunt,Gewestweg,binnen bebouwde kom,Tss. 2 best.: langs opzij (voor-/achterkant-flank),Geen hindernis