crash_row_id,site_id,site_name,site_gemeente,site_lat,site_long,distance_km,crash_lat,crash_long,DT_YEAR_COLLISION,DT_MONTH_COLLISION,DT_TIME,CD_NIS,TX_MUNTY_COLLISION_NL,TX_WEATHER_NL,TX_ROAD_CONDITION_NL,TX_LIGHT_CONDITION_NL,TX_CLASS_ACCIDENTS_NL,CD_ROAD_USR_TYPE1,TX_ROAD_USR_TYPE1_NL,CD_ROAD_USR_TYPE2,TX_ROAD_USR_TYPE2_NL,TX_CROSSWAY_NL,CD_ROAD_TYPE_NL,TX_BUILD_UP_AREA_NL,TX_COLLISION_TYPE_NL,TX_OBSTACLES_NL
16252,140,Hasselt ring,Hasselt,50.9300038,5.3438616,0.13552974626400482,50.93004743397301,5.341928985616324,2019,9,12,71022,Hasselt,Normaal,Droog,Dag,met lichtgewonden,3,Fiets,8,Voetganger,Buiten Kruispunt,Gemeenteweg,binnen bebouwde kom,Met een voetganger,Geen hindernis
16448,46,Pelt teller 2,Pelt,51.231,5.44375,0.216300331598738,51.22984294854562,5.441252826232637,2019,10,10,72043,Pelt,Normaal,Droog,Dag,met lichtgewonden,9,personenauto,3,Fiets,Op Kruispunt,Gewestweg,binnen bebouwde kom,Tss. 2 best.: langs opzij (voor-/achterkant-flank),Geen hindernis
16448,45,Pelt teller 1,Pelt,51.23127,5.44377,0.2364287264822491,51.22984294854562,5.441252826232637,2019,10,10,72043,Pelt,Normaal,Droog,Dag,met lichtgewonden,9,personenauto,3,Fiets,Op Kruispunt,Gewestweg,binnen bebouwde kom,Tss. 2 best.: langs opzij (voor-/achterkant-flank),Geen hindernis
16477,69,Leuven teller 1,Leuven,50.87549,4.71526,0.23668869922159705,50.8739248569322,4.712973777719971,2019,11,1,24062,Leuven,Normaal,Droog,"Nacht, openbare verlichting aanwezig en ontstoken",met lichtgewonden,3,Fiets,10,"één bestuurder, geen hindernis",Buiten Kruispunt,Gemeenteweg,binnen bebouwde kom,"Eén bestuurder, geen hindernis (incl. val)",Geen hindernis
16498,77,Leuven teller 2,Leuven,50.88672,4.70796,0.24809510604634197,50.88862042516381,4.706106953488293,2019,10,8,24062,Leuven,Regenval,"Nat, plassen",Dag,met zwaargewonden,3,Fiets,10,"één bestuurder, geen hindernis",Buiten Kruispunt,Gemeenteweg,onbekend,"Eén bestuurder, geen hindernis (incl. val)",Geen hindernis
16500,69,Leuven teller 1,Leuven,50.87549,4.71526,0.23194149127289115,50.873412304334735,4.715552893759935,2019,10,17,24062,Leuven,Normaal,Droog,Dag,met lichtgewonden,9,personenauto,3,Fiets,Buiten Kruispunt,Gewestweg,binnen bebouwde kom,Tss. 2 best.: langs opzij (voor-/achterkant-flank),Geen hindernis
16506,72,Herent teller 1,Herent,50.89135,4.64689,0.1395773811096192,50.89216131514188,4.645371548770334,2019,10,13,24038,Herent,Normaal,Onbekend,Dag,met lichtgewonden,3,Fiets,10,"één bestuurder, geen hindernis",Buiten Kruispunt,Gemeenteweg,binnen bebouwde kom,"Eén bestuurder, geen hindernis (incl. val)",Geen hindernis
16506,73,Herent teller 2,Herent,50.89128,4.64685,0.14267825731298261,50.89216131514188,4.645371548770334,2019,10,13,24038,Herent,Normaal,Onbekend,Dag,met lichtgewonden,3,Fiets,10,"één bestuurder, geen hindernis",Buiten Kruispunt,Gemeenteweg,binnen bebouwde kom,"Eén bestuurder, geen hindernis (incl. val)",Geen hindernis
16513,145,Overijse,District Vilvoorde-gewestwegen,50.7885856,4.4908759,0.12653254794415708,50.7895345531823,4.49186929085864,2019,10,12,23062,Overijse,Normaal,Droog,Dag,met lichtgewonden,3,Fiets,9,personenauto,Buiten Kruispunt,Gewestweg,binnen bebouwde kom,Tss. 2 best.: langs opzij (voor-/achterkant-flank),Geen hindernis
16513,146,Overijse 2,District Vilvoorde-gewestwegen,50.7881478,4.4902818,0.19034342994347628,50.7895345531823,4.49186929085864,2019,10,12,23062,Overijse,Normaal,Droog,Dag,met lichtgewonden,3,Fiets,9,personenauto,Buiten Kruispunt,Gewestweg,binnen bebouwde kom,Tss. 2 best.: langs opzij (voor-/achterkant-flank),Geen hindernis
16772,65,Nieuwpoort teller 2,Nieuwpoort,51.13435,2.75511,0.10528509991094462,51.133970259483895,2.753727739821087,2019,10,15,38016,Nieuwpoort,Normaal,Droog,Dag,met zwaargewonden,8,Voetganger,3,Fiets,Buiten Kruispunt,Gewestweg,binnen bebouwde kom,Met een voetganger,Geen hindernis
17099,118,Gent teller 1,Gent,51.028049,3.7681359,0.15399916432454985,51.02889976058706,3.7663983025813472,2019,11,13,44021,Gent,Normaal,Droog,Dag,met lichtgewonden,3,Fiets,9,personenauto,Buiten Kruispunt,Gewestweg,binnen bebouwde kom,Tussen 2 bestuurders: Langs achteren,Geen hindernis
17099,119,Gent teller 2,Gent,51.0281795,3.7683918,0.16078076588424872,51.02889976058706,3.7663983025813472,2019,11,13,44021,Gent,Normaal,Droog,Dag,met lichtgewonden,3,Fiets,9,personenauto,Buiten Kruispunt,Gewestweg,binnen bebouwde kom,Tussen 2 bestuurders: Langs achteren,Geen hindernis
17104,136,Gent R4,Gent,51.0876313,3.7587918,0.21120117049951184,51.08951931187354,3.758461483535758,2019,11,20,44021,Gent,Onbekend,Onbekend,"Nacht, openbare verlichting aanwezig en ontstoken",met lichtgewonden,3,Fiets,9,personenauto,Op Kruispunt,Gemeenteweg,binnen bebouwde kom,Tss. 2 best.: langs opzij (voor-/achterkant-flank),Geen hindernis
17328,140,Hasselt ring,Hasselt,50.9300038,5.3438616,0.22851356683640853,50.927949076014464,5.343801607425412,2019,11,16,71022,Hasselt,Normaal,Droog,Dag,met lichtgewonden,9,personenauto,3,Fiets,Buiten Kruispunt,Gemeenteweg,binnen bebouwde kom,Tussen 2 bestuurders: Flank tegen flank,Geen hindernis
17750,140,Hasselt ring,Hasselt,50.9300038,5.3438616,0.15855136109308512,50.93061617064223,5.345904698174438,2019,12,11,71022,Hasselt,Normaal,Droog,Dag,met lichtgewonden,3,Fiets,9,personenauto,Op Kruispunt,Gewestweg,binnen bebouwde kom,Tss. 2 best.: langs opzij (voor-/achterkant-flank),Geen hindernis
18026,7,Evergem 1,Evergem,51.1089,3.70317,0.22938009193561082,51.10833180049553,3.7063285266335333,2020,1,8,44019,Evergem,Normaal,Droog,Dag,met lichtgewonden,9,personenauto,3,Fiets,Buiten Kruispunt,Gemeenteweg,binnen bebouwde kom,Tussen 2 bestuurders: Flank tegen flank,Geen hindernis
18026,6,Evergem 2,Evergem,51.10894,3.70298,0.24335732316937475,51.10833180049553,3.7063285266335333,2020,1,8,44019,Evergem,Normaal,Droog,Dag,met lichtgewonden,9,personenauto,3,Fiets,Buiten Kruispunt,Gemeenteweg,binnen bebouwde kom,Tussen 2 bestuurders: Flank tegen flank,Geen hindernis
18138,143,Eco Display Classic Budastraat,Kortrijk,50.83066,3.26286,0.16895933814656783,50.83176647826808,3.264508836720953,2020,1,12,34022,Kortrijk,Onbekend,Onbekend,Dag,met lichtgewonden,9,personenauto,3,Fiets,Buiten Kruispunt,Gemeenteweg,binnen bebouwde kom,Tss. 2 best.: langs opzij (voor-/achterkant-flank),Geen hindernis
18179,99,Mechelen teller 1,Mechelen,51.04564,4.46882,0.2491773531830932,51.043536194308004,4.470047567033322,2020,1,9,12025,Mechelen,Onbekend,Onbekend,Dag,met lichtgewonden,3,Fiets,3,Fiets,Buiten Kruispunt,Gewestweg,binnen bebouwde kom,Tussen 2 bestuurders: Langs achteren,Geen hindernis
18357,107,leuven totem,Leuven,50.8870744,4.7087919,0.1047909955586994,50.886631351861205,4.710110382825859,2020,2,22,24062,Leuven,Onbekend,"Nat, plassen","Nacht, openbare verlichting aanwezig en ontstoken",met lichtgewonden,9,personenauto,3,Fiets,Op Kruispunt,Gewestweg,binnen bebouwde kom,Tss. 2 best.: langs opzij (voor-/achterkant-flank),Geen hindernis
18357,77,Leuven teller 2,Leuven,50.88672,4.70796,0.15116681375685964,50.886631351861205,4.710110382825859,2020,2,22,24062,Leuven,Onbekend,"Nat, plassen","Nacht, openbare verlichting aanwezig en ontstoken",met lichtgewonden,9,personenauto,3,Fiets,Op Kruispunt,Gewestweg,binnen bebouwde kom,Tss. 2 best.: langs opzij (voor-/achterkant-flank),Geen hindernis
18374,119,Gent teller 2,Gent,51.0281795,3.7683918,0.19933395882587623,51.02683417738495,3.7702755574265705,2020,2,14,44021,Gent,Regenval,"Nat, plassen",Dag,met zwaargewonden,9,personenauto,3,Fiets,Buiten Kruispunt,Gewestweg,buiten bebouwde kom,Tss. 2 best.: langs opzij (voor-/achterkant-flank),Geen hindernis
18374,118,Gent teller 1,Gent,51.028049,3.7681359,0.20159099280380421,51.02683417738495,3.7702755574265705,2020,2,14,44021,Gent,Regenval,"Nat, plassen",Dag,met zwaargewonden,9,personenauto,3,Fiets,Buiten Kruispunt,Gewestweg,buiten bebouwde kom,Tss. 2 best.: langs opzij (voor-/achterkant-flank),Geen hindernis
18409,7,Evergem 1,Evergem,51.1089,3.70317,0.1440118841298681,51.107624881776815,3.7035312216497185,2020,2,7,44019,Evergem,Normaal,Droog,Dag,met lichtgewonden,3,Fiets,9,personenauto,Buiten Kruispunt,Gemeenteweg,binnen bebouwde kom,Tussen 2 bestuurders: Frontale botsing,Geen hindernis
18409,6,Evergem 2,Evergem,51.10894,3.70298,0.15121327064918383,51.107624881776815,3.7035312216497185,2020,2,7,44019,Evergem,Normaal,Droog,Dag,met lichtgewonden,3,Fiets,9,personenauto,Buiten Kruispunt,Gemeenteweg,binnen bebouwde kom,Tussen 2 bestuurders: Frontale botsing,Geen hindernis
18572,22,Tienen 2,Tienen,50.81330800184882,4.935984252796022,0.20223874236858533,50.81192322970384,4.937850387039002,2020,2,15,24107,Tienen,Normaal,Proper,Dag,met zwaargewonden,3,Fiets,10,"één bestuurder, geen hindernis",Buiten Kruispunt,Gemeenteweg,binnen bebouwde kom,"Eén bestuurder, geen hindernis (incl. val)",Geen hindernis
19011,107,leuven totem,Leuven,50.8870744,4.7087919,0.1047909955586994,50.886631351861205,4.710110382825859,2020,4,7,24062,Leuven,Normaal,Droog,Dag,met lichtgewonden,3,Fiets,3,Fiets,Op Kruispunt,Gewestweg,binnen bebouwde kom,Tss. 2 best.: langs opzij (voor-/achterkant-flank),Geen hindernis
19011,77,Leuven teller 2,Leuven,50.88672,4.70796,0.15116681375685964,50.886631351861205,4.710110382825859,2020,4,7,24062,Leuven,Normaal,Droog,Dag,met lichtgewonden,3,Fiets,3,Fiets,Op Kruispunt,Gewestweg,binnen bebouwde kom,Tss. 2 best.: langs opzij (voor-/achterkant-flank),Geen hindernis
19037,12,Tervuren,Kraainem,50.81896,4.47803,0.17473059259368434,50.82049592762108,4.477504560426494,2020,4,15,23099,Kraainem,Normaal,Droog,Dag,met lichtgewonden,3,Fiets,10,"één bestuurder, geen hindernis",Op Kruispunt,Gewestweg,buiten bebouwde kom,"Eén bestuurder, geen hindernis (incl. val)",Geen hindernis
19048,152,Opwijk,District Vilvoorde-gewestwegen,50.968901168564656,4.149169474840164,0.08082439130923798,50.969211017264804,4.1502135918748095,2020,5,13,23060,Opwijk,Normaal,Droog,Dag,dodelijk gewonden,9,personenauto,3,Fiets,Op Kruispunt,Gewestweg,buiten bebouwde kom,Tss. 2 best.: langs opzij (voor-/achterkant-flank),Geen hindernis
19088,114,Deinze teller 1,Nazareth,50.9598305,3.555502,0.13910552742198876,50.95860839551678,3.555077547290702,2020,4,16,44048,Nazareth,Normaal,Droog,Dag,met lichtgewonden,3,Fiets,11,een weggebruiker tegen een hindernis,Buiten Kruispunt,Gemeenteweg,buiten bebouwde kom,Weggebruiker tegen hindernis op de rijbaan,"Op de rijbaan: Put, straatgoot, tramspoor"
19088,113,Deinze teller 2,Deinze,50.96018,3.55578,0.18154786909269968,50.95860839551678,3.555077547290702,2020,4,16,44048,Nazareth,Normaal,Droog,Dag,met lichtgewonden,3,Fiets,11,een weggebruiker tegen een hindernis,Buiten Kruispunt,Gemeenteweg,buiten bebouwde kom,Weggebruiker tegen hindernis op de rijbaan,"Op de rijbaan: Put, straatgoot, tramspoor"
19477,114,Deinze teller 1,Nazareth,50.9598305,3.555502,0.15341634654916594,50.95907164998989,3.5573313838009755,2020,5,14,44048,Nazareth,Normaal,Droog,Dag,met zwaargewonden,3,Fiets,11,een weggebruiker tegen een hindernis,Buiten Kruispunt,Gewestweg,buiten bebouwde kom,Weggebruiker tegen hindernis op de rijbaan,"Op de rijbaan: Verkeersdrempel, ezelsrug"
19477,113,Deinze teller 2,Deinze,50.96018,3.55578,0.16430135759326384,50.95907164998989,3.5573313838009755,2020,5,14,44048,Nazareth,Normaal,Droog,Dag,met zwaargewonden,3,Fiets,11,een weggebruiker tegen een hindernis,Buiten Kruispunt,Gewestweg,buiten bebouwde kom,Weggebruiker tegen hindernis op de rijbaan,"Op de rijbaan: Verkeersdrempel, ezelsrug"
19479,114,Deinze teller 1,Nazareth,50.9598305,3.555502,0.15341634654916594,50.95907164998989,3.5573313838009755,2020,5,13,44048,Nazareth,Normaal,Droog,Dag,met lichtgewonden,3,Fiets,11,een weggebruiker tegen een hindernis,Buiten Kruispunt,Gewestweg,buiten bebouwde kom,Weggebruiker tegen hindernis op de rijbaan,"Op de rijbaan: Verkeersdrempel, ezelsrug"
19479,113,Deinze teller 2,Deinze,50.96018,3.55578,0.16430135759326384,50.95907164998989,3.5573313838009755,2020,5,13,44048,Nazareth,Normaal,Droog,Dag,met lichtgewonden,3,Fiets,11,een weggebruiker tegen een hindernis,Buiten Kruispunt,Gewestweg,buiten bebouwde kom,Weggebruiker tegen hindernis op de rijbaan,"Op de rijbaan: Verkeersdrempel, ezelsrug"
19916,72,Herent teller 1,Herent,50.89135,4.64689,0.2111279399482914,50.892159785900226,4.644167409029558,2020,6,14,24038,Herent,Normaal,Droog,Dag,met lichtgewonden,3,Fiets,9,personenauto,Buiten Kruispunt,Gemeenteweg,buiten bebouwde kom,Tussen 2 bestuurders: Frontale botsing,Geen hindernis
19916,73,Herent teller 2,Herent,50.89128,4.64685,0.21207008040396075,50.892159785900226,4.644167409029558,2020,6,14,24038,Herent,Normaal,Droog,Dag,met lichtgewonden,3,Fiets,9,personenauto,Buiten Kruispunt,Gemeenteweg,buiten bebouwde kom,Tussen 2 bestuurders: Frontale botsing,Geen hindernis
20224,48,As,As,51.00509,5.60389,0.09798457313495114,51.00589187982509,5.603309351147492,2020,5,17,71002,As,Normaal,Droog,Dag,met lichtgewonden,9,personenauto,3,Fiets,Op Kruispunt,Gewestweg,buiten bebouwde kom,Tss. 2 best.: langs opzij (voor-/achterkant-flank),Geen hindernis
20471,118,Gent teller 1,Gent,51.028049,3.7681359,0.10589415307651229,51.02863328255395,3.7669401869378754,2020,7,14,44021,Gent,Normaal,Droog,Dag,met lichtgewonden,3,Fiets,9,personenauto,Buiten Kruispunt,Gewestweg,buiten bebouwde kom,Tss. 2 best.: langs opzij (voor-/achterkant-flank),Geen hindernis
20471,119,Gent teller 2,Gent,51.0281795,3.7683918,0.11336612329775353,51.02863328255395,3.7669401869378754,2020,7,14,44021,Gent,Normaal,Droog,Dag,met lichtgewonden,3,Fiets,9,personenauto,Buiten Kruispunt,Gewestweg,buiten bebouwde kom,Tss. 2 best.: langs opzij (voor-/achterkant-flank),Geen hindernis
20648,143,Eco Display Classic Budastraat,Kortrijk,50.83066,3.26286,0.05876149161551621,50.830352733896405,3.2635407043818874,2020,7,14,34022,Kortrijk,Normaal,Droog,Dag,met lichtgewonden,3,Fiets,3,Fiets,Buiten Kruispunt,Gemeenteweg,binnen bebouwde kom,Tussen 2 bestuurders: Flank tegen flank,Geen hindernis
20708,140,Hasselt ring,Hasselt,50.9300038,5.3438616,0.22850358029170129,50.93196530911842,5.344833786003291,2020,7,11,71022,Hasselt,Normaal,Droog,Dag,met lichtgewonden,3,Fiets,9,personenauto,Op Kruispunt,Gewestweg,binnen bebouwde kom,Tss. 2 best.: langs opzij (voor-/achterkant-flank),Geen hindernis
20709,138,Hasselt-Kempische brug,Hasselt,50.9405318,5.3422472,0.16912559892755244,50.93922811728071,5.341003888977634,2020,7,15,71022,Hasselt,Normaal,Droog,Dag,met lichtgewonden,3,Fiets,3,Fiets,Buiten Kruispunt,Gewestweg,binnen bebouwde kom,Tss. 2 best.: langs opzij (voor-/achterkant-flank),Geen hindernis
20709,137,Hasselt-Kempische brug,Hasselt,50.9411605,5.3417576,0.22126583413243234,50.93922811728071,5.341003888977634,2020,7,15,71022,Hasselt,Normaal,Droog,Dag,met lichtgewonden,3,Fiets,3,Fiets,Buiten Kruispunt,Gewestweg,binnen bebouwde kom,Tss. 2 best.: langs opzij (voor-/achterkant-flank),Geen hindernis
20741,49,Bokrijk,Genk,50.95264,5.41001,0.09790556396503317,50.95220095928699,5.408798479754058,2020,8,11,71016,Genk,Normaal,Droog,Dag,met lichtgewonden,3,Fiets,3,Fiets,Op Kruispunt,Gewestweg,buiten bebouwde kom,Tussen 2 bestuurders: Frontale botsing,Geen hindernis
20744,119,Gent teller 2,Gent,51.0281795,3.7683918,0.22103543106564946,51.02659585514767,3.770302059232156,2020,7,16,44021,Gent,Onbekend,Droog,Dag,met lichtgewonden,3,Fiets,8,Voetganger,Op Kruispunt,Gewestweg,buiten bebouwde kom,Met een voetganger,Geen hindernis
20744,118,Gent teller 1,Gent,51.028049,3.7681359,0.22149231232151248,51.02659585514767,3.770302059232156,2020,7,16,44021,Gent,Onbekend,Droog,Dag,met lichtgewonden,3,Fiets,8,Voetganger,Op Kruispunt,Gewestweg,buiten bebouwde kom,Met een voetganger,Geen hindernis
21083,45,Pelt teller 1,Pelt,51.23127,5.44377,0.2115781572347219,51.23229772560788,5.441212640747074,2020,9,16,72043,Pelt,Normaal,Droog,Dag,met lichtgewonden,3,Fiets,3,Fiets,Buiten Kruispunt,Gemeenteweg,buiten bebouwde kom,Tussen 2 bestuurders: Flank tegen flank,Geen hindernis
21083,46,Pelt teller 2,Pelt,51.231,5.44375,0.22811121395148,51.23229772560788,5.441212640747074,2020,9,16,72043,Pelt,Normaal,Droog,Dag,met lichtgewonden,3,Fiets,3,Fiets,Buiten Kruispunt,Gemeenteweg,buiten bebouwde kom,Tussen 2 bestuurders: Flank tegen flank,Geen hindernis
21115,34,Heers teller 1,Heers,50.75486,5.3033,0.16947976313789306,50.756223498132805,5.304376690334968,2020,9,15,73022,Heers,Normaal,Droog,Dag,dodelijk gewonden,9,personenauto,3,Fiets,Buiten Kruispunt,Gewestweg,buiten bebouwde kom,Tss. 2 best.: langs opzij (voor-/achterkant-flank),Geen hindernis
21115,28,Heers,Heers,50.75488,5.30314,0.17287455442536087,50.756223498132805,5.304376690334968,2020,9,15,73022,Heers,Normaal,Droog,Dag,dodelijk gewonden,9,personenauto,3,Fiets,Buiten Kruispunt,Gewestweg,buiten bebouwde kom,Tss. 2 best.: langs opzij (voor-/achterkant-flank),Geen hindernis
21212,102,Diest teller 2,Diest,50.9779,5.04474,0.1745969834663693,50.97666956064667,5.043190746542304,2020,9,16,24020,Diest,Normaal,Droog,Dag,met lichtgewonden,3,Fiets,9,personenauto,Buiten Kruispunt,Gewestweg,binnen bebouwde kom,Tss. 2 best.: langs opzij (voor-/achterkant-flank),Geen hindernis
21212,101,Diest teller 1,Diest,50.97799,5.04481,0.185498850996535,50.97666956064667,5.043190746542304,2020,9,16,24020,Diest,Normaal,Droog,Dag,met lichtgewonden,3,Fiets,9,personenauto,Buiten Kruispunt,Gewestweg,binnen bebouwde kom,Tss. 2 best.: langs opzij (voor-/achterkant-flank),Geen hindernis
21275,119,Gent teller 2,Gent,51.0281795,3.7683918,0.0886862352417232,51.02892784212395,3.7688304457471107,2020,9,11,44021,Gent,Normaal,Droog,Dag,met lichtgewonden,3,Fiets,9,personenauto,Op Kruispunt,Gemeenteweg,binnen bebouwde kom,Tss. 2 best.: langs opzij (voor-/achterkant-flank),Geen hindernis
21275,118,Gent teller 1,Gent,51.028049,3.7681359,0.10912852365509901,51.02892784212395,3.7688304457471107,2020,9,11,44021,Gent,Normaal,Droog,Dag,met lichtgewonden,3,Fiets,9,personenauto,Op Kruispunt,Gemeenteweg,binnen bebouwde kom,Tss. 2 best.: langs opzij (voor-/achterkant-flank),Geen hindernis
21567,54,Brugge teller 2,Brugge,51.23015,3.22818,0.19917986721292058,51.228371923280335,3.227833491606771,2020,10,16,31005,Brugge,Normaal,Droog,Dag,met lichtgewonden,9,personenauto,3,Fiets,Op Kruispunt,Gewestweg,binnen bebouwde kom,Tss. 2 best.: langs opzij (voor-/achterkant-flank),Geen hindernis
21567,53,Brugge teller 1,Brugge,51.23023,3.228,0.20693375845970927,51.228371923280335,3.227833491606771,2020,10,16,31005,Brugge,Normaal,Droog,Dag,met lichtgewonden,9,personenauto,3,Fiets,Op Kruispunt,Gewestweg,binnen bebouwde kom,Tss. 2 best.: langs opzij (voor-/achterkant-flank),Geen hindernis
21702,16,Kortrijk 1,Kortrijk,50.83332,3.27777,0.197391138168009,50.831545214563214,3.277829342908836,2020,8,19,34022,Kortrijk,Normaal,Droog,Dageraad - schemering,met lichtgewonden,3,Fiets,9,personenauto,Op Kruispunt,Gemeenteweg,binnen bebouwde kom,Tussen 2 bestuurders: Flank tegen flank,Geen hindernis
21702,17,Kortrijk 2,Kortrijk,50.83339,3.27773,0.20524939311885448,50.831545214563214,3.277829342908836,2020,8,19,34022,Kortrijk,Normaal,Droog,Dageraad - schemering,met lichtgewonden,3,Fiets,9,personenauto,Op Kruispunt,Gemeenteweg,binnen bebouwde kom,Tussen 2 bestuurders: Flank tegen flank,Geen hindernis
21711,143,Eco Display Classic Budastraat,Kortrijk,50.83066,3.26286,0.17407835764087667,50.829423673391226,3.264380523117357,2020,9,12,34022,Kortrijk,Normaal,Droog,Dag,met lichtgewonden,7,Motorfiets,3,Fiets,Op Kruispunt,Gemeenteweg,binnen bebouwde kom,Tussen 2 bestuurders: Frontale botsing,Geen hindernis
21712,143,Eco Display Classic Budastraat,Kortrijk,50.83066,3.26286,0.20392493750064838,50.82887288384342,3.2622080781436607,2020,9,17,34022,Kortrijk,Normaal,Droog,Dag,met lichtgewonden,9,personenauto,3,Fiets,Op Kruispunt,Gemeenteweg,binnen bebouwde kom,Tss. 2 best.: langs opzij (voor-/achterkant-flank),Geen hindernis
21721,17,Kortrijk 2,Kortrijk,50.83339,3.27773,0.22214992966361813,50.834883902631375,3.279830345683916,2020,8,10,34022,Kortrijk,Normaal,Droog,Dag,met zwaargewonden,3,Fiets,9,personenauto,Buiten Kruispunt,Gewestweg,binnen bebouwde kom,Tss. 2 best.: langs opzij (voor-/achterkant-flank),Geen hindernis
21721,16,Kortrijk 1,Kortrijk,50.83332,3.27777,0.22622193349309905,50.834883902631375,3.279830345683916,2020,8,10,34022,Kortrijk,Normaal,Droog,Dag,met zwaargewonden,3,Fiets,9,personenauto,Buiten Kruispunt,Gewestweg,binnen bebouwde kom,Tss. 2 best.: langs opzij (voor-/achterkant-flank),Geen hindernis
22071,94,Herentals teller 2,Herentals,51.17345,4.81283,0.0287625808732144,51.17360871732932,4.813155776131565,2020,10,8,13011,Herentals,Normaal,Droog,Dag,met lichtgewonden,9,personenauto,3,Fiets,Op Kruispunt,Gewestweg,buiten bebouwde kom,Tss. 2 best.: langs opzij (voor-/achterkant-flank),Geen hindernis
22071,110,Herentals totem,Herentals,51.1739426,4.811783,0.1026517332316727,51.17360871732932,4.813155776131565,2020,10,8,13011,Herentals,Normaal,Droog,Dag,met lichtgewonden,9,personenauto,3,Fiets,Op Kruispunt,Gewestweg,buiten bebouwde kom,Tss. 2 best.: langs opzij (voor-/achterkant-flank),Geen hindernis
22107,69,Leuven teller 1,Leuven,50.87549,4.71526,0.23943409836966315,50.87686717217291,4.712636694815547,2020,10,12,24062,Leuven,Normaal,Droog,Dag,met lichtgewonden,5,Lichte vrachtauto,3,Fiets,Buiten Kruispunt,Gemeenteweg,binnen bebouwde kom,Tussen 2 bestuurders: Langs achteren,Geen hindernis
22297,53,Brugge teller 1,Brugge,51.23023,3.228,0.059950975093986066,51.23073205099299,3.2283138740938355,2020,10,7,31005,Brugge,Normaal,"Nat, plassen","Nacht, openbare verlichting aanwezig en ontstoken",met lichtgewonden,5,Lichte vrachtauto,3,Fiets,Op Kruispunt,Gewestweg,binnen bebouwde kom,Tss. 2 best.: langs opzij (voor-/achterkant-flank),Geen hindernis
22297,54,Brugge teller 2,Brugge,51.23015,3.22818,0.06538894441693058,51.23073205099299,3.2283138740938355,2020,10,7,31005,Brugge,Normaal,"Nat, plassen","Nacht, openbare verlichting aanwezig en ontstoken",met lichtgewonden,5,Lichte vrachtauto,3,Fiets,Op Kruispunt,Gewestweg,binnen bebouwde kom,Tss. 2 best.: langs opzij (voor-/achterkant-flank),Geen hindernis
22331,143,Eco Display Classic Budastraat,Kortrijk,50.83066,3.26286,0.1417491065396488,50.831601846303855,3.261499878687489,2020,10,12,34022,Kortrijk,Normaal,Droog,Dag,met lichtgewonden,3,Fiets,3,Fiets,Op Kruispunt,Gemeenteweg,binnen bebouwde kom,Kettingbotsing (3 bestuurders of meer),Geen hindernis
22477,8,Heist op den Berg 1,Heist-op-den-Berg,51.06759,4.68823,0.2203671086322294,51.067025184676865,4.685207088873682,2020,11,10,12029,Putte,Onbekend,Droog,Dag,met lichtgewonden,3,Fiets,5,Lichte vrachtauto,Op Kruispunt,Gewestweg,buiten bebouwde kom,Tss. 2 best.: langs opzij (voor-/achterkant-flank),Geen hindernis
22487,88,Westerlo teller 1,Westerlo,51.082,4.91325,0.08978959813960145,51.08275788556281,4.912806388564329,2020,11,10,13049,Westerlo,Normaal,Droog,Dag,met lichtgewonden,9,personenauto,3,Fiets,Op Kruispunt,Gewestweg,binnen bebouwde kom,Tss. 2 best.: langs opzij (voor-/achterkant-flank),Geen hindernis
22487,89,Westerlo teller 2,Westerlo,51.08191,4.91334,0.10138147619491625,51.08275788556281,4.912806388564329,2020,11,10,13049,Westerlo,Normaal,Droog,Dag,met lichtgewonden,9,personenauto,3,Fiets,Op Kruispunt,Gewestweg,binnen bebouwde kom,Tss. 2 best.: langs opzij (voor-/achterkant-flank),Geen hindernis