crash_row_id,site_id,site_name,site_gemeente,site_lat,site_long,distance_km,crash_lat,crash_long,DT_YEAR_COLLISION,DT_MONTH_COLLISION,DT_TIME,CD_NIS,TX_MUNTY_COLLISION_NL,TX_WEATHER_NL,TX_ROAD_CONDITION_NL,TX_LIGHT_CONDITION_NL,TX_CLASS_ACCIDENTS_NL,CD_ROAD_USR_TYPE1,TX_ROAD_USR_TYPE1_NL,CD_ROAD_USR_TYPE2,TX_ROAD_USR_TYPE2_NL,TX_CROSSWAY_NL,CD_ROAD_TYPE_NL,TX_BUILD_UP_AREA_NL,TX_COLLISION_TYPE_NL,TX_OBSTACLES_NL
34053,68,Ieper,Ieper,50.85032,2.85608,0.16667368999733542,50.850736429052986,2.8537992754429413,2022,8,17,33011,Ieper,Normaal,Droog,Dag,met lichtgewonden,3,Fiets,11,een weggebruiker tegen een hindernis,Buiten Kruispunt,Gewestweg,binnen bebouwde kom,Weggebruiker tegen hindernis op de rijbaan,"Op de rijbaan: Verkeersdrempel, ezelsrug"
34053,67,Ieper totem,Ieper,50.85018,2.85624,0.18217377534787005,50.850736429052986,2.8537992754429413,2022,8,17,33011,Ieper,Normaal,Droog,Dag,met lichtgewonden,3,Fiets,11,een weggebruiker tegen een hindernis,Buiten Kruispunt,Gewestweg,binnen bebouwde kom,Weggebruiker tegen hindernis op de rijbaan,"Op de rijbaan: Verkeersdrempel, ezelsrug"
34082,100,Mechelen teller 2,Mechelen,51.0457,4.46883,0.11519627050478694,51.04668290473132,4.468309304809073,2022,8,16,12025,Mechelen,Normaal,Droog,Dag,met lichtgewonden,3,Fiets,3,Fiets,Buiten Kruispunt,Gewestweg,binnen bebouwde kom,Tss. 2 best.: langs opzij (voor-/achterkant-flank),Geen hindernis
34082,99,Mechelen teller 1,Mechelen,51.04564,4.46882,0.12133689485146396,51.04668290473132,4.468309304809073,2022,8,16,12025,Mechelen,Normaal,Droog,Dag,met lichtgewonden,3,Fiets,3,Fiets,Buiten Kruispunt,Gewestweg,binnen bebouwde kom,Tss. 2 best.: langs opzij (voor-/achterkant-flank),Geen hindernis
34124,48,As,As,51.00509,5.60389,0.10431203937197683,51.005819206058035,5.60295211266194,2022,8,14,71002,As,Normaal,Droog,Dag,met lichtgewonden,3,Fiets,10,"één bestuurder, geen hindernis",Buiten Kruispunt,Gewestweg,binnen bebouwde kom,"Eén bestuurder, geen hindernis (incl. val)",Geen hindernis
34637,129,Lokeren teller 2,Lokeren,51.09612,3.97025,0.03133475586871895,51.09599539547663,3.969847534551002,2022,9,15,46014,Lokeren,Normaal,Droog,Dag,met lichtgewonden,6,Bromfiets,3,Fiets,Buiten Kruispunt,Gewestweg,buiten bebouwde kom,Tussen 2 bestuurders: Flank tegen flank,Geen hindernis
34637,128,Lokeren teller 1,Lokeren,51.09644,3.97023,0.05619099540831618,51.09599539547663,3.969847534551002,2022,9,15,46014,Lokeren,Normaal,Droog,Dag,met lichtgewonden,6,Bromfiets,3,Fiets,Buiten Kruispunt,Gewestweg,buiten bebouwde kom,Tussen 2 bestuurders: Flank tegen flank,Geen hindernis
34873,140,Hasselt ring,Hasselt,50.9300038,5.3438616,0.2452802356954134,50.928189534334244,5.341870916366932,2022,7,10,71022,Hasselt,Normaal,Droog,Dag,met lichtgewonden,3,Fiets,3,Fiets,Buiten Kruispunt,Gewestweg,binnen bebouwde kom,Tussen 2 bestuurders: Flank tegen flank,Geen hindernis
35224,69,Leuven teller 1,Leuven,50.87549,4.71526,0.18210124375424494,50.87711483137246,4.715584419172501,2022,10,12,24062,Leuven,Normaal,Droog,Dag,met lichtgewonden,3,Fiets,9,personenauto,Buiten Kruispunt,Gewestweg,binnen bebouwde kom,Tss. 2 best.: langs opzij (voor-/achterkant-flank),Geen hindernis
35240,69,Leuven teller 1,Leuven,50.87549,4.71526,0.2107364568272103,50.87366546686684,4.714447513981549,2022,10,8,24062,Leuven,Normaal,Droog,Dageraad - schemering,met lichtgewonden,3,Fiets,3,Fiets,Op Kruispunt,Gewestweg,binnen bebouwde kom,Tussen 2 bestuurders: Frontale botsing,Geen hindernis
35313,119,Gent teller 2,Gent,51.0281795,3.7683918,0.008438540033756414,51.02811171668734,3.768337538647378,2022,10,7,44021,Gent,Onbekend,Onbekend,Dageraad - schemering,met lichtgewonden,9,personenauto,3,Fiets,Buiten Kruispunt,Gewestweg,binnen bebouwde kom,Tss. 2 best.: langs opzij (voor-/achterkant-flank),Geen hindernis
35313,118,Gent teller 1,Gent,51.028049,3.7681359,0.015731749728242324,51.02811171668734,3.768337538647378,2022,10,7,44021,Gent,Onbekend,Onbekend,Dageraad - schemering,met lichtgewonden,9,personenauto,3,Fiets,Buiten Kruispunt,Gewestweg,binnen bebouwde kom,Tss. 2 best.: langs opzij (voor-/achterkant-flank),Geen hindernis
35320,118,Gent teller 1,Gent,51.028049,3.7681359,0.1699687218765956,51.02908880584871,3.766354455498866,2022,10,11,44021,Gent,Normaal,Droog,Dag,met lichtgewonden,9,personenauto,3,Fiets,Buiten Kruispunt,Gewestweg,buiten bebouwde kom,Tss. 2 best.: langs opzij (voor-/achterkant-flank),Geen hindernis
35320,119,Gent teller 2,Gent,51.0281795,3.7683918,0.17471046211683028,51.02908880584871,3.766354455498866,2022,10,11,44021,Gent,Normaal,Droog,Dag,met lichtgewonden,9,personenauto,3,Fiets,Buiten Kruispunt,Gewestweg,buiten bebouwde kom,Tss. 2 best.: langs opzij (voor-/achterkant-flank),Geen hindernis
35564,15,Oostende 2,Oostende,51.21371,2.92743,0.13964605796578958,51.21475684633309,2.9263224688925416,2022,10,9,35013,Oostende,Regenval,"Nat, plassen",Dag,met lichtgewonden,3,Fiets,9,personenauto,Op Kruispunt,Gewestweg,binnen bebouwde kom,Tss. 2 best.: langs opzij (voor-/achterkant-flank),Geen hindernis
35564,18,Oostende 1,Oostende,51.21378,2.92765,0.14264845884594732,51.21475684633309,2.9263224688925416,2022,10,9,35013,Oostende,Regenval,"Nat, plassen",Dag,met lichtgewonden,3,Fiets,9,personenauto,Op Kruispunt,Gewestweg,binnen bebouwde kom,Tss. 2 best.: langs opzij (voor-/achterkant-flank),Geen hindernis
35565,15,Oostende 2,Oostende,51.21371,2.92743,0.13964605796578958,51.21475684633309,2.9263224688925416,2022,10,11,35013,Oostende,Normaal,Droog,Dag,met lichtgewonden,3,Fiets,5,Lichte vrachtauto,Op Kruispunt,Gewestweg,binnen bebouwde kom,Tss. 2 best.: langs opzij (voor-/achterkant-flank),Geen hindernis
35565,18,Oostende 1,Oostende,51.21378,2.92765,0.14264845884594732,51.21475684633309,2.9263224688925416,2022,10,11,35013,Oostende,Normaal,Droog,Dag,met lichtgewonden,3,Fiets,5,Lichte vrachtauto,Op Kruispunt,Gewestweg,binnen bebouwde kom,Tss. 2 best.: langs opzij (voor-/achterkant-flank),Geen hindernis
35736,25,Bree,Bree,51.13679500160176,5.597669323604317,0.14702990833670082,51.138116620732276,5.597735524529992,2022,10,15,72004,Bree,Normaal,Droog,Dag,met lichtgewonden,3,Fiets,10,"één bestuurder, geen hindernis",Op Kruispunt,Gemeenteweg,binnen bebouwde kom,"Eén bestuurder, geen hindernis (incl. val)",Geen hindernis
35910,96,Lier teller 2,Lier,51.11705,4.58444,0.07959145477939127,51.11741700258354,4.583461016788204,2022,11,8,12021,Lier,Regenval,"Nat, plassen",Dag,met zwaargewonden,9,personenauto,3,Fiets,Buiten Kruispunt,Gewestweg,buiten bebouwde kom,Tussen 2 bestuurders: Flank tegen flank,Geen hindernis
35910,95,Lier teller 1,Lier,51.11687,4.58437,0.08789266751123391,51.11741700258354,4.583461016788204,2022,11,8,12021,Lier,Regenval,"Nat, plassen",Dag,met zwaargewonden,9,personenauto,3,Fiets,Buiten Kruispunt,Gewestweg,buiten bebouwde kom,Tussen 2 bestuurders: Flank tegen flank,Geen hindernis
35994,107,leuven totem,Leuven,50.8870744,4.7087919,0.0645927576653999,50.887382964083365,4.708011732434598,2022,11,14,24062,Leuven,Normaal,Droog,Dag,met lichtgewonden,3,Fiets,3,Fiets,Buiten Kruispunt,Gemeenteweg,binnen bebouwde kom,Tussen 2 bestuurders: Flank tegen flank,Geen hindernis
35994,77,Leuven teller 2,Leuven,50.88672,4.70796,0.07380750773530369,50.887382964083365,4.708011732434598,2022,11,14,24062,Leuven,Normaal,Droog,Dag,met lichtgewonden,3,Fiets,3,Fiets,Buiten Kruispunt,Gemeenteweg,binnen bebouwde kom,Tussen 2 bestuurders: Flank tegen flank,Geen hindernis
36000,69,Leuven teller 1,Leuven,50.87549,4.71526,0.03467939881977,50.875263781650766,4.7156002407591,2022,11,15,24062,Leuven,Normaal,Droog,Dag,met lichtgewonden,8,Voetganger,3,Fiets,Buiten Kruispunt,Gewestweg,binnen bebouwde kom,Met een voetganger,Geen hindernis
36131,7,Evergem 1,Evergem,51.1089,3.70317,0.21747563202282072,51.1075743562822,3.7054603513271913,2022,11,8,44019,Evergem,Regenval,"Nat, plassen",Dageraad - schemering,met lichtgewonden,9,personenauto,3,Fiets,Op Kruispunt,Gewestweg,buiten bebouwde kom,Tussen 2 bestuurders: Flank tegen flank,Geen hindernis
36131,6,Evergem 2,Evergem,51.10894,3.70298,0.23031412479169844,51.1075743562822,3.7054603513271913,2022,11,8,44019,Evergem,Regenval,"Nat, plassen",Dageraad - schemering,met lichtgewonden,9,personenauto,3,Fiets,Op Kruispunt,Gewestweg,buiten bebouwde kom,Tussen 2 bestuurders: Flank tegen flank,Geen hindernis
36267,56,Torhout teller 2,Torhout,51.07147,3.08244,0.14577638376367227,51.07212376360323,3.080631508786163,2022,11,17,31033,Torhout,Normaal,Droog,"Nacht, openbare verlichting aanwezig en ontstoken",met lichtgewonden,9,personenauto,3,Fiets,Op Kruispunt,Gewestweg,binnen bebouwde kom,Tss. 2 best.: langs opzij (voor-/achterkant-flank),Geen hindernis
36267,55,Torhout teller 1,Torhout,51.07161,3.08261,0.149574239944794,51.07212376360323,3.080631508786163,2022,11,17,31033,Torhout,Normaal,Droog,"Nacht, openbare verlichting aanwezig en ontstoken",met lichtgewonden,9,personenauto,3,Fiets,Op Kruispunt,Gewestweg,binnen bebouwde kom,Tss. 2 best.: langs opzij (voor-/achterkant-flank),Geen hindernis
36370,140,Hasselt ring,Hasselt,50.9300038,5.3438616,0.15855091505497557,50.930616168891895,5.345904692447574,2022,11,13,71022,Hasselt,Normaal,Droog,Dag,met lichtgewonden,9,personenauto,3,Fiets,Op Kruispunt,Gewestweg,buiten bebouwde kom,Tss. 2 best.: langs opzij (voor-/achterkant-flank),Geen hindernis
36603,69,Leuven teller 1,Leuven,50.87549,4.71526,0.18784706570408857,50.877165364447166,4.715603775822001,2022,12,14,24062,Leuven,Normaal,Droog,Dag,met lichtgewonden,9,personenauto,3,Fiets,Buiten Kruispunt,Gewestweg,binnen bebouwde kom,Tss. 2 best.: langs opzij (voor-/achterkant-flank),Geen hindernis
36834,65,Nieuwpoort teller 2,Nieuwpoort,51.13435,2.75511,0.06472595264922094,51.13381059129832,2.754761319159148,2022,12,6,38016,Nieuwpoort,Normaal,Droog,"Nacht, openbare verlichting aanwezig en ontstoken",met lichtgewonden,9,personenauto,3,Fiets,Op Kruispunt,Gewestweg,binnen bebouwde kom,Tss. 2 best.: langs opzij (voor-/achterkant-flank),Geen hindernis
36834,64,Nieuwpoort teller 1,Nieuwpoort,51.13359,2.75737,0.18366699778493306,51.13381059129832,2.754761319159148,2022,12,6,38016,Nieuwpoort,Normaal,Droog,"Nacht, openbare verlichting aanwezig en ontstoken",met lichtgewonden,9,personenauto,3,Fiets,Op Kruispunt,Gewestweg,binnen bebouwde kom,Tss. 2 best.: langs opzij (voor-/achterkant-flank),Geen hindernis
36865,100,Mechelen teller 2,Mechelen,51.0457,4.46883,0.16947995704433352,51.04712586699318,4.467973435963284,2022,12,8,12025,Mechelen,Regenval,"Nat, plassen",Dageraad - schemering,met lichtgewonden,3,Fiets,6,Bromfiets,Buiten Kruispunt,Gewestweg,binnen bebouwde kom,Tussen 2 bestuurders: Frontale botsing,Geen hindernis
36865,99,Mechelen teller 1,Mechelen,51.04564,4.46882,0.17550020910688754,51.04712586699318,4.467973435963284,2022,12,8,12025,Mechelen,Regenval,"Nat, plassen",Dageraad - schemering,met lichtgewonden,3,Fiets,6,Bromfiets,Buiten Kruispunt,Gewestweg,binnen bebouwde kom,Tussen 2 bestuurders: Frontale botsing,Geen hindernis
37042,108,Heverlee teller 1,Leuven,50.8471728,4.6954674,0.18276423556187427,50.84881564532322,4.695548252558499,2023,1,8,24062,Leuven,Regenval,Proper,Dag,met lichtgewonden,9,personenauto,3,Fiets,Buiten Kruispunt,Gewestweg,binnen bebouwde kom,Tss. 2 best.: langs opzij (voor-/achterkant-flank),Geen hindernis
37272,75,Kortrijk teller 2,Kortrijk,50.81925,3.25731,0.24657450575686748,50.82114959589914,3.255499108088185,2023,1,16,34022,Kortrijk,Regenval,"Nat, plassen",Dag,met lichtgewonden,9,personenauto,3,Fiets,Op Kruispunt,Gemeenteweg,binnen bebouwde kom,Tss. 2 best.: langs opzij (voor-/achterkant-flank),Geen hindernis
37327,49,Bokrijk,Genk,50.95264,5.41001,0.06256988158124158,50.952510258175664,5.4091408336286,2023,1,8,71016,Genk,Normaal,Droog,Dag,met lichtgewonden,3,Fiets,10,"één bestuurder, geen hindernis",Buiten Kruispunt,Gewestweg,buiten bebouwde kom,"Eén bestuurder, geen hindernis (incl. val)",Geen hindernis
37336,24,Tienen 1,Tienen,50.8133795491886,4.935044252605416,0.03633002609112147,50.813052895083395,4.935054930539256,2023,1,18,24107,Tienen,Onbekend,"Nat, plassen","Nacht, openbare verlichting aanwezig en ontstoken",met lichtgewonden,9,personenauto,3,Fiets,Buiten Kruispunt,Gewestweg,binnen bebouwde kom,Tss. 2 best.: langs opzij (voor-/achterkant-flank),Geen hindernis
37336,23,Tienen 3,Tienen,50.81324,4.93447,0.04606268387374441,50.813052895083395,4.935054930539256,2023,1,18,24107,Tienen,Onbekend,"Nat, plassen","Nacht, openbare verlichting aanwezig en ontstoken",met lichtgewonden,9,personenauto,3,Fiets,Buiten Kruispunt,Gewestweg,binnen bebouwde kom,Tss. 2 best.: langs opzij (voor-/achterkant-flank),Geen hindernis
37336,22,Tienen 2,Tienen,50.81330800184882,4.935984252796022,0.07118866724700154,50.813052895083395,4.935054930539256,2023,1,18,24107,Tienen,Onbekend,"Nat, plassen","Nacht, openbare verlichting aanwezig en ontstoken",met lichtgewonden,9,personenauto,3,Fiets,Buiten Kruispunt,Gewestweg,binnen bebouwde kom,Tss. 2 best.: langs opzij (voor-/achterkant-flank),Geen hindernis
37465,9,Heist op den Berg 2,Heist-op-den-Berg,51.06904,4.69524,0.1935367536317446,51.06972238590636,4.697788099750858,2023,2,9,12014,Heist-op-den-Berg,Normaal,Droog,Dag,met zwaargewonden,3,Fiets,5,Lichte vrachtauto,Op Kruispunt,Gewestweg,binnen bebouwde kom,Tussen 2 bestuurders: Frontale botsing,Geen hindernis
37527,69,Leuven teller 1,Leuven,50.87549,4.71526,0.20941307566238046,50.87370193388216,4.714322956726469,2023,2,17,24062,Leuven,Normaal,Droog,Dageraad - schemering,met lichtgewonden,9,personenauto,3,Fiets,Buiten Kruispunt,Gewestweg,binnen bebouwde kom,Tussen 2 bestuurders: Frontale botsing,Geen hindernis
37559,27,Grimbergen,Meise,50.92127,4.34013,0.24379833002012494,50.91915109707905,4.341023748184943,2023,2,18,23025,Grimbergen,Normaal,Proper,"Nacht, openbare verlichting aanwezig en ontstoken",met zwaargewonden,3,Fiets,3,Fiets,Op Kruispunt,Gewestweg,buiten bebouwde kom,Tussen 2 bestuurders: Frontale botsing,Geen hindernis
37768,143,Eco Display Classic Budastraat,Kortrijk,50.83066,3.26286,0.2176964768262683,50.830667994366834,3.259760363721534,2023,2,15,34022,Kortrijk,Normaal,Droog,Dag,met zwaargewonden,3,Fiets,3,Fiets,Op Kruispunt,Gemeenteweg,binnen bebouwde kom,Tss. 2 best.: langs opzij (voor-/achterkant-flank),Geen hindernis
37984,110,Herentals totem,Herentals,51.1739426,4.811783,0.1891628805991473,51.174426992128225,4.809181915541856,2023,3,13,13011,Herentals,Onbekend,Onbekend,Dag,met lichtgewonden,3,Fiets,3,Fiets,Buiten Kruispunt,Gemeenteweg,onbekend,Tussen 2 bestuurders: Flank tegen flank,Geen hindernis
38246,16,Kortrijk 1,Kortrijk,50.83332,3.27777,0.10905276612117631,50.83248653048249,3.2785883941325333,2023,3,9,34022,Kortrijk,Normaal,Droog,Dag,met lichtgewonden,9,personenauto,3,Fiets,Op Kruispunt,Gemeenteweg,binnen bebouwde kom,Tss. 2 best.: langs opzij (voor-/achterkant-flank),Geen hindernis
38246,17,Kortrijk 2,Kortrijk,50.83339,3.27773,0.11716069373139848,50.83248653048249,3.2785883941325333,2023,3,9,34022,Kortrijk,Normaal,Droog,Dag,met lichtgewonden,9,personenauto,3,Fiets,Op Kruispunt,Gemeenteweg,binnen bebouwde kom,Tss. 2 best.: langs opzij (voor-/achterkant-flank),Geen hindernis
38612,71,Kampenhout teller 2,Kampenhout,50.95589,4.59164,0.18877834117527598,50.95424535083011,4.592308623177384,2023,4,16,23038,Kampenhout,Normaal,Droog,Dag,met lichtgewonden,3,Fiets,11,een weggebruiker tegen een hindernis,Buiten Kruispunt,Gewestweg,buiten bebouwde kom,Weggebruiker tegen hindernis buiten rijbaan,Andere hindernis
38749,122,Dendermonde teller 2,Dendermonde,51.0373918,4.1019222,0.17021665982519116,51.03890568269676,4.1022830777712675,2023,4,1,42006,Dendermonde,Normaal,Droog,"Nacht, geen openbare verlichting aanwezig",met lichtgewonden,3,Fiets,11,een weggebruiker tegen een hindernis,Buiten Kruispunt,Gewestweg,binnen bebouwde kom,Weggebruiker tegen hindernis buiten rijbaan,Buiten de rijbaan: Vangrails niet overgestoken
38749,125,Dendermonde totem,Dendermonde,51.0372706,4.1025998,0.1831565950657297,51.03890568269676,4.1022830777712675,2023,4,1,42006,Dendermonde,Normaal,Droog,"Nacht, geen openbare verlichting aanwezig",met lichtgewonden,3,Fiets,11,een weggebruiker tegen een hindernis,Buiten Kruispunt,Gewestweg,binnen bebouwde kom,Weggebruiker tegen hindernis buiten rijbaan,Buiten de rijbaan: Vangrails niet overgestoken
38751,122,Dendermonde teller 2,Dendermonde,51.0373918,4.1019222,0.22567810044040576,51.03719050622844,4.098710497327778,2023,4,16,42006,Dendermonde,Normaal,Droog,Dag,met lichtgewonden,3,Fiets,3,Fiets,Buiten Kruispunt,Gemeenteweg,binnen bebouwde kom,Tss. 2 best.: langs opzij (voor-/achterkant-flank),Geen hindernis
38760,142,TEST Validatie BRUGGE Y2H22022134,Brugge,51.22632,3.24095,0.0484342491092603,51.22675392665913,3.2408894615796737,2023,4,7,31005,Brugge,Normaal,"Nat, plassen",Dag,met lichtgewonden,9,personenauto,3,Fiets,Op Kruispunt,Gewestweg,binnen bebouwde kom,Tss. 2 best.: langs opzij (voor-/achterkant-flank),Geen hindernis
38760,52,Brugge,Brugge,51.22632,3.24095,0.0484342491092603,51.22675392665913,3.2408894615796737,2023,4,7,31005,Brugge,Normaal,"Nat, plassen",Dag,met lichtgewonden,9,personenauto,3,Fiets,Op Kruispunt,Gewestweg,binnen bebouwde kom,Tss. 2 best.: langs opzij (voor-/achterkant-flank),Geen hindernis
38819,143,Eco Display Classic Budastraat,Kortrijk,50.83066,3.26286,0.21399634653929353,50.83254391098917,3.2634826097797567,2023,4,8,34022,Kortrijk,Normaal,Droog,Dag,met lichtgewonden,3,Fiets,3,Fiets,Op Kruispunt,Gemeenteweg,binnen bebouwde kom,Tss. 2 best.: langs opzij (voor-/achterkant-flank),Geen hindernis
39216,69,Leuven teller 1,Leuven,50.87549,4.71526,0.2104097074936522,50.87366488701618,4.714468249917917,2023,5,11,24062,Leuven,Normaal,Droog,Dag,met lichtgewonden,3,Fiets,4,Vrachtwagen,Op Kruispunt,Gewestweg,binnen bebouwde kom,Tss. 2 best.: langs opzij (voor-/achterkant-flank),Geen hindernis
39249,87,Aarschot,Aarschot,50.99084,4.81259,0.229707647628544,50.99064073864043,4.809323352712662,2023,5,15,24007,Begijnendijk,Normaal,Droog,Dag,met lichtgewonden,9,personenauto,3,Fiets,Buiten Kruispunt,Gewestweg,buiten bebouwde kom,Tss. 2 best.: langs opzij (voor-/achterkant-flank),Geen hindernis
39253,145,Overijse,District Vilvoorde-gewestwegen,50.7885856,4.4908759,0.12898723226263414,50.78945513960193,4.492090439320721,2023,5,18,23062,Overijse,Normaal,Droog,Dag,met lichtgewonden,9,personenauto,3,Fiets,Op Kruispunt,Gewestweg,buiten bebouwde kom,Tss. 2 best.: langs opzij (voor-/achterkant-flank),Geen hindernis
39253,146,Overijse 2,District Vilvoorde-gewestwegen,50.7881478,4.4902818,0.1931232320172067,50.78945513960193,4.492090439320721,2023,5,18,23062,Overijse,Normaal,Droog,Dag,met lichtgewonden,9,personenauto,3,Fiets,Op Kruispunt,Gewestweg,buiten bebouwde kom,Tss. 2 best.: langs opzij (voor-/achterkant-flank),Geen hindernis
39539,15,Oostende 2,Oostende,51.21371,2.92743,0.13056409417062673,51.214605035469724,2.926216701397517,2023,5,16,35013,Oostende,Normaal,Droog,Dag,met lichtgewonden,3,Fiets,9,personenauto,Op Kruispunt,Gewestweg,buiten bebouwde kom,Tussen 2 bestuurders: Frontale botsing,Geen hindernis
39539,18,Oostende 1,Oostende,51.21378,2.92765,0.13558436468721807,51.214605035469724,2.926216701397517,2023,5,16,35013,Oostende,Normaal,Droog,Dag,met lichtgewonden,3,Fiets,9,personenauto,Op Kruispunt,Gewestweg,buiten bebouwde kom,Tussen 2 bestuurders: Frontale botsing,Geen hindernis
39545,56,Torhout teller 2,Torhout,51.07147,3.08244,0.1791547020984216,51.07156199635207,3.0798800434861526,2023,5,11,31033,Torhout,Normaal,Droog,Dag,met lichtgewonden,3,Fiets,3,Fiets,Op Kruispunt,Gemeenteweg,binnen bebouwde kom,Tss. 2 best.: langs opzij (voor-/achterkant-flank),Geen hindernis
39545,55,Torhout teller 1,Torhout,51.07161,3.08261,0.19081458483879446,51.07156199635207,3.0798800434861526,2023,5,11,31033,Torhout,Normaal,Droog,Dag,met lichtgewonden,3,Fiets,3,Fiets,Op Kruispunt,Gemeenteweg,binnen bebouwde kom,Tss. 2 best.: langs opzij (voor-/achterkant-flank),Geen hindernis
39582,143,Eco Display Classic Budastraat,Kortrijk,50.83066,3.26286,0.137654418523452,50.82980079659998,3.2642710336694596,2023,5,10,34022,Kortrijk,Normaal,Droog,Dag,met lichtgewonden,3,Fiets,9,personenauto,Op Kruispunt,Gemeenteweg,binnen bebouwde kom,Tussen 2 bestuurders: Langs achteren,Geen hindernis
39609,64,Nieuwpoort teller 1,Nieuwpoort,51.13359,2.75737,0.13504795642472373,51.13313876119502,2.75557309149752,2023,5,12,38016,Nieuwpoort,Normaal,Droog,Dag,met zwaargewonden,3,Fiets,11,een weggebruiker tegen een hindernis,Buiten Kruispunt,Gemeenteweg,binnen bebouwde kom,Weggebruiker tegen hindernis op de rijbaan,"Op de rijbaan: Verkeersdrempel, ezelsrug"
39609,65,Nieuwpoort teller 2,Nieuwpoort,51.13435,2.75511,0.1385054638228101,51.13313876119502,2.75557309149752,2023,5,12,38016,Nieuwpoort,Normaal,Droog,Dag,met zwaargewonden,3,Fiets,11,een weggebruiker tegen een hindernis,Buiten Kruispunt,Gemeenteweg,binnen bebouwde kom,Weggebruiker tegen hindernis op de rijbaan,"Op de rijbaan: Verkeersdrempel, ezelsrug"
39660,140,Hasselt ring,Hasselt,50.9300038,5.3438616,0.23579161663081885,50.93198382868267,5.342657294374981,2023,5,8,71022,Hasselt,Normaal,Droog,Dag,met lichtgewonden,3,Fiets,8,Voetganger,Buiten Kruispunt,Gewestweg,binnen bebouwde kom,Met een voetganger,Geen hindernis
39703,48,As,As,51.00509,5.60389,0.10232350581872593,51.00579867592675,5.6029571254578014,2023,5,10,71002,As,Normaal,Droog,Dag,met lichtgewonden,3,Fiets,3,Fiets,Buiten Kruispunt,Gewestweg,buiten bebouwde kom,Tussen 2 bestuurders: Frontale botsing,Geen hindernis
39941,8,Heist op den Berg 1,Heist-op-den-Berg,51.06759,4.68823,0.245743381660023,51.0664743049762,4.6851942015039025,2023,6,16,12029,Putte,Normaal,Droog,Dag,met lichtgewonden,9,personenauto,3,Fiets,Op Kruispunt,Gewestweg,buiten bebouwde kom,Tss. 2 best.: langs opzij (voor-/achterkant-flank),Geen hindernis
40057,69,Leuven teller 1,Leuven,50.87549,4.71526,0.23545968561363054,50.87374900465108,4.713349809927866,2023,6,12,24062,Leuven,Normaal,Droog,Dag,met lichtgewonden,3,Fiets,9,personenauto,Buiten Kruispunt,Gemeenteweg,binnen bebouwde kom,Tss. 2 best.: langs opzij (voor-/achterkant-flank),Geen hindernis
40069,77,Leuven teller 2,Leuven,50.88672,4.70796,0.2139112588968895,50.88749466403802,4.705168714855033,2023,6,21,24062,Leuven,Normaal,Droog,Dag,met lichtgewonden,3,Fiets,10,"één bestuurder, geen hindernis",Buiten Kruispunt,Gemeenteweg,binnen bebouwde kom,"Eén bestuurder, geen hindernis (incl. val)",Geen hindernis
40090,102,Diest teller 2,Diest,50.9779,5.04474,0.05995920003859465,50.97751891291217,5.044134091744659,2023,6,14,24020,Diest,Normaal,Droog,Dag,met lichtgewonden,9,personenauto,3,Fiets,Op Kruispunt,Gewestweg,binnen bebouwde kom,Tss. 2 best.: langs opzij (voor-/achterkant-flank),Geen hindernis
40090,101,Diest teller 1,Diest,50.97799,5.04481,0.0705917128414204,50.97751891291217,5.044134091744659,2023,6,14,24020,Diest,Normaal,Droog,Dag,met lichtgewonden,9,personenauto,3,Fiets,Op Kruispunt,Gewestweg,binnen bebouwde kom,Tss. 2 best.: langs opzij (voor-/achterkant-flank),Geen hindernis
40170,118,Gent teller 1,Gent,51.028049,3.7681359,0.04030168242348849,51.0283559430702,3.7678294416086504,2023,6,10,44021,Gent,Normaal,Droog,Dag,met lichtgewonden,3,Fiets,8,Voetganger,Op Kruispunt,Gewestweg,binnen bebouwde kom,Met een voetganger,Geen hindernis