crash_row_id,site_id,site_name,site_gemeente,site_lat,site_long,distance_km,crash_lat,crash_long,DT_YEAR_COLLISION,DT_MONTH_COLLISION,DT_TIME,CD_NIS,TX_MUNTY_COLLISION_NL,TX_WEATHER_NL,TX_ROAD_CONDITION_NL,TX_LIGHT_CONDITION_NL,TX_CLASS_ACCIDENTS_NL,CD_ROAD_USR_TYPE1,TX_ROAD_USR_TYPE1_NL,CD_ROAD_USR_TYPE2,TX_ROAD_USR_TYPE2_NL,TX_CROSSWAY_NL,CD_ROAD_TYPE_NL,TX_BUILD_UP_AREA_NL,TX_COLLISION_TYPE_NL,TX_OBSTACLES_NL
40170,119,Gent teller 2,Gent,51.0281795,3.7683918,0.04395046360775174,51.0283559430702,3.7678294416086504,2023,6,10,44021,Gent,Normaal,Droog,Dag,met lichtgewonden,3,Fiets,8,Voetganger,Op Kruispunt,Gewestweg,binnen bebouwde kom,Met een voetganger,Geen hindernis
40236,7,Evergem 1,Evergem,51.1089,3.70317,0.1797518279461127,51.10764630730764,3.7047954322589676,2023,6,7,44019,Evergem,Normaal,Droog,Dag,met zwaargewonden,3,Fiets,2,Andere weggebruiker,Buiten Kruispunt,Gemeenteweg,binnen bebouwde kom,Tss. 2 best.: langs opzij (voor-/achterkant-flank),Geen hindernis
40236,6,Evergem 2,Evergem,51.10894,3.70298,0.1917211478861746,51.10764630730764,3.7047954322589676,2023,6,7,44019,Evergem,Normaal,Droog,Dag,met zwaargewonden,3,Fiets,2,Andere weggebruiker,Buiten Kruispunt,Gemeenteweg,binnen bebouwde kom,Tss. 2 best.: langs opzij (voor-/achterkant-flank),Geen hindernis
40384,122,Dendermonde teller 2,Dendermonde,51.0373918,4.1019222,0.10313202507006317,51.038280530139936,4.102344139163303,2023,6,16,42006,Dendermonde,Normaal,Droog,Dag,met lichtgewonden,5,Lichte vrachtauto,3,Fiets,Buiten Kruispunt,Gewestweg,binnen bebouwde kom,Tss. 2 best.: langs opzij (voor-/achterkant-flank),Geen hindernis
40384,125,Dendermonde totem,Dendermonde,51.0372706,4.1025998,0.1137129556957524,51.038280530139936,4.102344139163303,2023,6,16,42006,Dendermonde,Normaal,Droog,Dag,met lichtgewonden,5,Lichte vrachtauto,3,Fiets,Buiten Kruispunt,Gewestweg,binnen bebouwde kom,Tss. 2 best.: langs opzij (voor-/achterkant-flank),Geen hindernis
40496,143,Eco Display Classic Budastraat,Kortrijk,50.83066,3.26286,0.20895628630441934,50.83208474005309,3.2609199521474195,2023,6,12,34022,Kortrijk,Normaal,Droog,Dag,met lichtgewonden,3,Fiets,3,Fiets,Buiten Kruispunt,Gemeenteweg,binnen bebouwde kom,Tussen 2 bestuurders: Flank tegen flank,Geen hindernis
40589,140,Hasselt ring,Hasselt,50.9300038,5.3438616,0.049031780526654876,50.93044010374425,5.343760267319255,2023,6,12,71022,Hasselt,Normaal,Droog,Dag,met lichtgewonden,3,Fiets,8,Voetganger,Op Kruispunt,Gewestweg,binnen bebouwde kom,Met een voetganger,Geen hindernis
40625,25,Bree,Bree,51.13679500160176,5.597669323604317,0.06244538394889952,51.137023877039944,5.596852016249608,2023,6,20,72004,Bree,Normaal,Droog,Dag,met lichtgewonden,3,Fiets,9,personenauto,Op Kruispunt,Gewestweg,buiten bebouwde kom,Tss. 2 best.: langs opzij (voor-/achterkant-flank),Geen hindernis
40979,115,Aalter,Aalter,51.1058367,3.4350591,0.026961428983974255,51.10567932881495,3.435352882135433,2023,7,17,44084,Aalter,Normaal,Droog,Dag,met lichtgewonden,3,Fiets,3,Fiets,Buiten Kruispunt,Gewestweg,buiten bebouwde kom,Tss. 2 best.: langs opzij (voor-/achterkant-flank),Geen hindernis
41140,143,Eco Display Classic Budastraat,Kortrijk,50.83066,3.26286,0.14045273981947531,50.829407006633105,3.2626072569559623,2023,7,12,34022,Kortrijk,Normaal,Droog,Dag,met lichtgewonden,9,personenauto,3,Fiets,Buiten Kruispunt,Gemeenteweg,binnen bebouwde kom,Tss. 2 best.: langs opzij (voor-/achterkant-flank),Geen hindernis
41145,16,Kortrijk 1,Kortrijk,50.83332,3.27777,0.20277611726360936,50.83216885915825,3.28000938386474,2023,7,8,34022,Kortrijk,Onbekend,Onbekend,Dag,met lichtgewonden,3,Fiets,99,onbekend,Op Kruispunt,Gemeenteweg,binnen bebouwde kom,Tussen 2 bestuurders: Frontale botsing,Geen hindernis
41145,17,Kortrijk 2,Kortrijk,50.83339,3.27773,0.20991145079469709,50.83216885915825,3.28000938386474,2023,7,8,34022,Kortrijk,Onbekend,Onbekend,Dag,met lichtgewonden,3,Fiets,99,onbekend,Op Kruispunt,Gemeenteweg,binnen bebouwde kom,Tussen 2 bestuurders: Frontale botsing,Geen hindernis
41148,17,Kortrijk 2,Kortrijk,50.83339,3.27773,0.10205950838069665,50.834098642136404,3.278653599354412,2023,7,12,34022,Kortrijk,Normaal,Droog,Dag,met lichtgewonden,9,personenauto,3,Fiets,Op Kruispunt,Gewestweg,binnen bebouwde kom,Tss. 2 best.: langs opzij (voor-/achterkant-flank),Geen hindernis
41148,16,Kortrijk 1,Kortrijk,50.83332,3.27777,0.1065217221115148,50.834098642136404,3.278653599354412,2023,7,12,34022,Kortrijk,Normaal,Droog,Dag,met lichtgewonden,9,personenauto,3,Fiets,Op Kruispunt,Gewestweg,binnen bebouwde kom,Tss. 2 best.: langs opzij (voor-/achterkant-flank),Geen hindernis
41224,25,Bree,Bree,51.13679500160176,5.597669323604317,0.09202195503795571,51.13685175740298,5.598985138499951,2023,7,13,72004,Bree,Normaal,Droog,Dag,met lichtgewonden,3,Fiets,11,een weggebruiker tegen een hindernis,Buiten Kruispunt,Gewestweg,buiten bebouwde kom,Weggebruiker tegen hindernis buiten rijbaan,Andere hindernis
41250,25,Bree,Bree,51.13679500160176,5.597669323604317,0.09202195503795571,51.13685175740298,5.598985138499951,2023,7,14,72004,Bree,Normaal,Droog,Dag,met lichtgewonden,3,Fiets,10,"één bestuurder, geen hindernis",Buiten Kruispunt,Gewestweg,buiten bebouwde kom,"Eén bestuurder, geen hindernis (incl. val)",Geen hindernis
41427,94,Herentals teller 2,Herentals,51.17345,4.81283,0.16932723010936152,51.17419357535418,4.814949611111973,2023,8,22,13011,Herentals,Normaal,Droog,"Nacht, openbare verlichting aanwezig en ontstoken",met lichtgewonden,5,Lichte vrachtauto,3,Fiets,Buiten Kruispunt,Gewestweg,buiten bebouwde kom,Tss. 2 best.: langs opzij (voor-/achterkant-flank),Geen hindernis
41427,110,Herentals totem,Herentals,51.1739426,4.811783,0.22251528072100324,51.17419357535418,4.814949611111973,2023,8,22,13011,Herentals,Normaal,Droog,"Nacht, openbare verlichting aanwezig en ontstoken",met lichtgewonden,5,Lichte vrachtauto,3,Fiets,Buiten Kruispunt,Gewestweg,buiten bebouwde kom,Tss. 2 best.: langs opzij (voor-/achterkant-flank),Geen hindernis
41462,77,Leuven teller 2,Leuven,50.88672,4.70796,0.15560429912701218,50.8863476706716,4.705821735332966,2023,8,4,24062,Leuven,Normaal,Onbekend,"Nacht, openbare verlichting aanwezig en ontstoken",met lichtgewonden,3,Fiets,10,"één bestuurder, geen hindernis",Buiten Kruispunt,Gemeenteweg,binnen bebouwde kom,"Eén bestuurder, geen hindernis (incl. val)",Geen hindernis
41462,107,leuven totem,Leuven,50.8870744,4.7087919,0.22347297673252747,50.8863476706716,4.705821735332966,2023,8,4,24062,Leuven,Normaal,Onbekend,"Nacht, openbare verlichting aanwezig en ontstoken",met lichtgewonden,3,Fiets,10,"één bestuurder, geen hindernis",Buiten Kruispunt,Gemeenteweg,binnen bebouwde kom,"Eén bestuurder, geen hindernis (incl. val)",Geen hindernis
41485,73,Herent teller 2,Herent,50.89128,4.64685,0.22369853833644687,50.88928561870161,4.647268399854338,2023,8,19,24038,Herent,Normaal,Droog,Dag,met zwaargewonden,3,Fiets,10,"één bestuurder, geen hindernis",Buiten Kruispunt,Gemeenteweg,buiten bebouwde kom,"Eén bestuurder, geen hindernis (incl. val)",Geen hindernis
41485,72,Herent teller 1,Herent,50.89135,4.64689,0.23107810756734298,50.88928561870161,4.647268399854338,2023,8,19,24038,Herent,Normaal,Droog,Dag,met zwaargewonden,3,Fiets,10,"één bestuurder, geen hindernis",Buiten Kruispunt,Gemeenteweg,buiten bebouwde kom,"Eén bestuurder, geen hindernis (incl. val)",Geen hindernis
41539,118,Gent teller 1,Gent,51.028049,3.7681359,0.07615715696758114,51.028465942814,3.7672719609470873,2023,8,18,44021,Gent,Normaal,Droog,Dag,met lichtgewonden,9,personenauto,3,Fiets,Op Kruispunt,Gewestweg,binnen bebouwde kom,Tss. 2 best.: langs opzij (voor-/achterkant-flank),Geen hindernis
41539,119,Gent teller 2,Gent,51.0281795,3.7683918,0.08454458261269258,51.028465942814,3.7672719609470873,2023,8,18,44021,Gent,Normaal,Droog,Dag,met lichtgewonden,9,personenauto,3,Fiets,Op Kruispunt,Gewestweg,binnen bebouwde kom,Tss. 2 best.: langs opzij (voor-/achterkant-flank),Geen hindernis
41715,18,Oostende 1,Oostende,51.21378,2.92765,0.16496612235820315,51.21526355371418,2.9276629759582278,2023,8,18,35013,Oostende,Normaal,Droog,Dag,met lichtgewonden,3,Fiets,6,Bromfiets,Op Kruispunt,Gewestweg,binnen bebouwde kom,Tussen 2 bestuurders: Frontale botsing,Geen hindernis
41715,15,Oostende 2,Oostende,51.21371,2.92743,0.17350780811272007,51.21526355371418,2.9276629759582278,2023,8,18,35013,Oostende,Normaal,Droog,Dag,met lichtgewonden,3,Fiets,6,Bromfiets,Op Kruispunt,Gewestweg,binnen bebouwde kom,Tussen 2 bestuurders: Frontale botsing,Geen hindernis
42055,104,Malle teller 2,Malle,51.31682,4.73852,0.225680341171791,51.31481024859354,4.73806706639426,2023,9,10,11057,Malle,Normaal,Droog,Dag,met lichtgewonden,3,Fiets,5,Lichte vrachtauto,Op Kruispunt,Gewestweg,buiten bebouwde kom,Tss. 2 best.: langs opzij (voor-/achterkant-flank),Geen hindernis
42055,103,Malle teller 1,Malle,51.31681,4.73872,0.22694534139283465,51.31481024859354,4.73806706639426,2023,9,10,11057,Malle,Normaal,Droog,Dag,met lichtgewonden,3,Fiets,5,Lichte vrachtauto,Op Kruispunt,Gewestweg,buiten bebouwde kom,Tss. 2 best.: langs opzij (voor-/achterkant-flank),Geen hindernis
42194,151,Leuven,District Leuven,50.8690262,4.6854839,0.1683768500597118,50.86759403321811,4.686263139656981,2023,9,18,24062,Leuven,Normaal,Droog,Dag,met lichtgewonden,3,Fiets,3,Fiets,Buiten Kruispunt,Gemeenteweg,buiten bebouwde kom,Tussen 2 bestuurders: Frontale botsing,Geen hindernis
42381,115,Aalter,Aalter,51.1058367,3.4350591,0.11274751999775202,51.10657278014423,3.433948444740607,2023,9,16,44084,Aalter,Normaal,Droog,Dag,met zwaargewonden,3,Fiets,11,een weggebruiker tegen een hindernis,Buiten Kruispunt,Gemeenteweg,buiten bebouwde kom,Weggebruiker tegen hindernis op de rijbaan,"Op de rijbaan: Put, straatgoot, tramspoor"
42523,122,Dendermonde teller 2,Dendermonde,51.0373918,4.1019222,0.10313202507006317,51.038280530139936,4.102344139163303,2023,9,16,42006,Dendermonde,Normaal,Droog,Dag,met lichtgewonden,3,Fiets,3,Fiets,Buiten Kruispunt,Gewestweg,binnen bebouwde kom,Tss. 2 best.: langs opzij (voor-/achterkant-flank),Geen hindernis
42523,125,Dendermonde totem,Dendermonde,51.0372706,4.1025998,0.1137129556957524,51.038280530139936,4.102344139163303,2023,9,16,42006,Dendermonde,Normaal,Droog,Dag,met lichtgewonden,3,Fiets,3,Fiets,Buiten Kruispunt,Gewestweg,binnen bebouwde kom,Tss. 2 best.: langs opzij (voor-/achterkant-flank),Geen hindernis
42628,143,Eco Display Classic Budastraat,Kortrijk,50.83066,3.26286,0.004671751431893508,50.830684725906934,3.2629137793386533,2023,9,17,34022,Kortrijk,Normaal,Droog,Dag,met lichtgewonden,3,Fiets,3,Fiets,Buiten Kruispunt,Gemeenteweg,binnen bebouwde kom,Tss. 2 best.: langs opzij (voor-/achterkant-flank),Geen hindernis
42633,143,Eco Display Classic Budastraat,Kortrijk,50.83066,3.26286,0.19588051517180574,50.832412110350596,3.2631490464209234,2023,9,17,34022,Kortrijk,Normaal,Droog,Dag,met lichtgewonden,3,Fiets,3,Fiets,Buiten Kruispunt,Gemeenteweg,binnen bebouwde kom,Tussen 2 bestuurders: Frontale botsing,Geen hindernis
42671,68,Ieper,Ieper,50.85032,2.85608,0.1663503670497291,50.850738604346446,2.8538050714616814,2023,9,10,33011,Ieper,Normaal,Droog,Dag,met lichtgewonden,3,Fiets,10,"één bestuurder, geen hindernis",Buiten Kruispunt,Gewestweg,buiten bebouwde kom,"Eén bestuurder, geen hindernis (incl. val)",Geen hindernis
42671,67,Ieper totem,Ieper,50.85018,2.85624,0.18187358136331103,50.850738604346446,2.8538050714616814,2023,9,10,33011,Ieper,Normaal,Droog,Dag,met lichtgewonden,3,Fiets,10,"één bestuurder, geen hindernis",Buiten Kruispunt,Gewestweg,buiten bebouwde kom,"Eén bestuurder, geen hindernis (incl. val)",Geen hindernis
42708,140,Hasselt ring,Hasselt,50.9300038,5.3438616,0.05926471799070887,50.93048267460762,5.344232842031624,2023,9,15,71022,Hasselt,Onbekend,Onbekend,Dag,met lichtgewonden,9,personenauto,3,Fiets,Op Kruispunt,Gewestweg,onbekend,Tss. 2 best.: langs opzij (voor-/achterkant-flank),Geen hindernis
42739,49,Bokrijk,Genk,50.95264,5.41001,0.06305334543721527,50.95250779495435,5.409134670472796,2023,9,17,71016,Genk,Onbekend,Onbekend,Onbekend,met lichtgewonden,3,Fiets,9,personenauto,Op Kruispunt,Gewestweg,onbekend,Kettingbotsing (3 bestuurders of meer),Geen hindernis
43078,77,Leuven teller 2,Leuven,50.88672,4.70796,0.2483189518984445,50.88862297346399,4.706107431520364,2023,10,15,24062,Leuven,Normaal,Proper,Dag,met lichtgewonden,9,personenauto,3,Fiets,Buiten Kruispunt,Gemeenteweg,binnen bebouwde kom,Tussen 2 bestuurders: Frontale botsing,Geen hindernis
43255,115,Aalter,Aalter,51.1058367,3.4350591,0.1407899146630019,51.10470773335513,3.4359720276854917,2023,10,6,44084,Aalter,Regenval,"Nat, plassen","Nacht, openbare verlichting aanwezig en ontstoken",met lichtgewonden,3,Fiets,10,"één bestuurder, geen hindernis",Buiten Kruispunt,Gewestweg,buiten bebouwde kom,"Eén bestuurder, geen hindernis (incl. val)",Geen hindernis
43454,16,Kortrijk 1,Kortrijk,50.83332,3.27777,0.08611113940163467,50.83284625815824,3.276800041135042,2023,10,10,34022,Kortrijk,Normaal,Droog,Dag,met lichtgewonden,3,Fiets,8,Voetganger,Buiten Kruispunt,Gewestweg,binnen bebouwde kom,Met een voetganger,Geen hindernis
43454,17,Kortrijk 2,Kortrijk,50.83339,3.27773,0.0889996346065085,50.83284625815824,3.276800041135042,2023,10,10,34022,Kortrijk,Normaal,Droog,Dag,met lichtgewonden,3,Fiets,8,Voetganger,Buiten Kruispunt,Gewestweg,binnen bebouwde kom,Met een voetganger,Geen hindernis
43468,65,Nieuwpoort teller 2,Nieuwpoort,51.13435,2.75511,0.23297930383343368,51.13326471803589,2.7522538394277847,2023,10,12,38016,Nieuwpoort,Normaal,Droog,Dag,met lichtgewonden,3,Fiets,3,Fiets,Buiten Kruispunt,Gemeenteweg,binnen bebouwde kom,Tussen 2 bestuurders: Frontale botsing,Geen hindernis
43655,2,Brasschaat 2,Brasschaat,51.27512,4.47169,0.16221014197585276,51.27383601227213,4.470583172315313,2023,11,23,11008,Brasschaat,Regenval,"Nat, plassen","Nacht, openbare verlichting aanwezig en ontstoken",met lichtgewonden,9,personenauto,3,Fiets,Op Kruispunt,Gewestweg,buiten bebouwde kom,Tss. 2 best.: langs opzij (voor-/achterkant-flank),Geen hindernis
43655,3,Brasschaat 1,Brasschaat,51.27503,4.47222,0.17490332005858955,51.27383601227213,4.470583172315313,2023,11,23,11008,Brasschaat,Regenval,"Nat, plassen","Nacht, openbare verlichting aanwezig en ontstoken",met lichtgewonden,9,personenauto,3,Fiets,Op Kruispunt,Gewestweg,buiten bebouwde kom,Tss. 2 best.: langs opzij (voor-/achterkant-flank),Geen hindernis
43705,8,Heist op den Berg 1,Heist-op-den-Berg,51.06759,4.68823,0.245743381660023,51.0664743049762,4.6851942015039025,2023,11,15,12029,Putte,Normaal,Droog,Dag,met lichtgewonden,4,Vrachtwagen,3,Fiets,Op Kruispunt,Gewestweg,buiten bebouwde kom,Tss. 2 best.: langs opzij (voor-/achterkant-flank),Geen hindernis
43881,119,Gent teller 2,Gent,51.0281795,3.7683918,0.09474795858506622,51.02754834394533,3.769301976635441,2023,11,18,44021,Gent,Normaal,Droog,"Nacht, openbare verlichting aanwezig en ontstoken",met lichtgewonden,9,personenauto,3,Fiets,Buiten Kruispunt,Gewestweg,buiten bebouwde kom,Tss. 2 best.: langs opzij (voor-/achterkant-flank),Geen hindernis
43881,118,Gent teller 1,Gent,51.028049,3.7681359,0.0987399830124263,51.02754834394533,3.769301976635441,2023,11,18,44021,Gent,Normaal,Droog,"Nacht, openbare verlichting aanwezig en ontstoken",met lichtgewonden,9,personenauto,3,Fiets,Buiten Kruispunt,Gewestweg,buiten bebouwde kom,Tss. 2 best.: langs opzij (voor-/achterkant-flank),Geen hindernis
43980,122,Dendermonde teller 2,Dendermonde,51.0373918,4.1019222,0.1813536598946516,51.03901771820549,4.102125839466133,2023,12,11,42006,Dendermonde,Normaal,Droog,Dag,met lichtgewonden,9,personenauto,3,Fiets,Op Kruispunt,Gewestweg,buiten bebouwde kom,Tss. 2 best.: langs opzij (voor-/achterkant-flank),Geen hindernis
43980,125,Dendermonde totem,Dendermonde,51.0372706,4.1025998,0.19707689409689647,51.03901771820549,4.102125839466133,2023,12,11,42006,Dendermonde,Normaal,Droog,Dag,met lichtgewonden,9,personenauto,3,Fiets,Op Kruispunt,Gewestweg,buiten bebouwde kom,Tss. 2 best.: langs opzij (voor-/achterkant-flank),Geen hindernis
44067,143,Eco Display Classic Budastraat,Kortrijk,50.83066,3.26286,0.04769789305607504,50.830413448148114,3.2634157526011944,2023,11,9,34022,Kortrijk,Normaal,"Nat, plassen",Dag,met lichtgewonden,9,personenauto,3,Fiets,Op Kruispunt,Gemeenteweg,binnen bebouwde kom,Tss. 2 best.: langs opzij (voor-/achterkant-flank),Geen hindernis
44433,121,Zele teller 2,Zele,51.0604067,4.0556696,0.1422432632235961,51.059198928474906,4.056340311816247,2023,12,15,42028,Zele,Normaal,"Nat, plassen",Dag,met lichtgewonden,3,Fiets,10,"één bestuurder, geen hindernis",Buiten Kruispunt,Gewestweg,buiten bebouwde kom,"Eén bestuurder, geen hindernis (incl. val)",Geen hindernis
44433,120,Zele teller 1,Zele,51.0607671,4.0547741,0.20588047879410584,51.059198928474906,4.056340311816247,2023,12,15,42028,Zele,Normaal,"Nat, plassen",Dag,met lichtgewonden,3,Fiets,10,"één bestuurder, geen hindernis",Buiten Kruispunt,Gewestweg,buiten bebouwde kom,"Eén bestuurder, geen hindernis (incl. val)",Geen hindernis
44679,97,Geel teller 1,Geel,51.14813,4.99698,0.04860461669169923,51.147786732343334,4.99741139325949,2024,1,12,13008,Geel,Normaal,Droog,Dag,met lichtgewonden,9,personenauto,3,Fiets,Op Kruispunt,Gewestweg,buiten bebouwde kom,Tussen 2 bestuurders: Flank tegen flank,Geen hindernis
44679,98,Geel teller 2,Geel,51.1481,4.99643,0.07680893683120989,51.147786732343334,4.99741139325949,2024,1,12,13008,Geel,Normaal,Droog,Dag,met lichtgewonden,9,personenauto,3,Fiets,Op Kruispunt,Gewestweg,buiten bebouwde kom,Tussen 2 bestuurders: Flank tegen flank,Geen hindernis
44723,151,Leuven,District Leuven,50.8690262,4.6854839,0.17723936223362438,50.86779700636908,4.687091835264841,2024,1,12,24062,Leuven,Sneeuwval,Onbekend,Dag,met lichtgewonden,3,Fiets,3,Fiets,Buiten Kruispunt,Gemeenteweg,binnen bebouwde kom,Tussen 2 bestuurders: Flank tegen flank,Geen hindernis
44738,145,Overijse,District Vilvoorde-gewestwegen,50.7885856,4.4908759,0.1343969748469886,50.789331435538564,4.492380379525089,2024,1,16,23062,Overijse,Normaal,Droog,Dag,met lichtgewonden,3,Fiets,9,personenauto,Buiten Kruispunt,Gewestweg,binnen bebouwde kom,Tss. 2 best.: langs opzij (voor-/achterkant-flank),Geen hindernis
44738,146,Overijse 2,District Vilvoorde-gewestwegen,50.7881478,4.4902818,0.19769825610958405,50.789331435538564,4.492380379525089,2024,1,16,23062,Overijse,Normaal,Droog,Dag,met lichtgewonden,3,Fiets,9,personenauto,Buiten Kruispunt,Gewestweg,binnen bebouwde kom,Tss. 2 best.: langs opzij (voor-/achterkant-flank),Geen hindernis
44874,122,Dendermonde teller 2,Dendermonde,51.0373918,4.1019222,0.10313202507006317,51.038280530139936,4.102344139163303,2024,1,7,42006,Dendermonde,Normaal,Droog,Dag,met lichtgewonden,9,personenauto,3,Fiets,Buiten Kruispunt,Gewestweg,buiten bebouwde kom,Tss. 2 best.: langs opzij (voor-/achterkant-flank),Geen hindernis
44874,125,Dendermonde totem,Dendermonde,51.0372706,4.1025998,0.1137129556957524,51.038280530139936,4.102344139163303,2024,1,7,42006,Dendermonde,Normaal,Droog,Dag,met lichtgewonden,9,personenauto,3,Fiets,Buiten Kruispunt,Gewestweg,buiten bebouwde kom,Tss. 2 best.: langs opzij (voor-/achterkant-flank),Geen hindernis
44976,83,Beersel teller 2,Beersel,50.75175,4.33304,0.04210945741063776,50.75212446645674,4.33312924533522,2024,1,18,23003,Beersel,Normaal,"Ijzel, sneeuw","Nacht, openbare verlichting aanwezig en ontstoken",met lichtgewonden,9,personenauto,3,Fiets,Op Kruispunt,Gemeenteweg,binnen bebouwde kom,Tss. 2 best.: langs opzij (voor-/achterkant-flank),Geen hindernis
44976,82,Beersel teller 1,Beersel,50.75128,4.33336,0.09529333594974562,50.75212446645674,4.33312924533522,2024,1,18,23003,Beersel,Normaal,"Ijzel, sneeuw","Nacht, openbare verlichting aanwezig en ontstoken",met lichtgewonden,9,personenauto,3,Fiets,Op Kruispunt,Gemeenteweg,binnen bebouwde kom,Tss. 2 best.: langs opzij (voor-/achterkant-flank),Geen hindernis
44997,23,Tienen 3,Tienen,50.81324,4.93447,0.14612505497727418,50.81428259997675,4.933203928327114,2024,1,16,24107,Tienen,Sneeuwval,"Nat, plassen",Dag,met lichtgewonden,9,personenauto,3,Fiets,Buiten Kruispunt,Gemeenteweg,binnen bebouwde kom,Tss. 2 best.: langs opzij (voor-/achterkant-flank),Geen hindernis
44997,24,Tienen 1,Tienen,50.8133795491886,4.935044252605416,0.16370944474853685,50.81428259997675,4.933203928327114,2024,1,16,24107,Tienen,Sneeuwval,"Nat, plassen",Dag,met lichtgewonden,9,personenauto,3,Fiets,Buiten Kruispunt,Gemeenteweg,binnen bebouwde kom,Tss. 2 best.: langs opzij (voor-/achterkant-flank),Geen hindernis
44997,22,Tienen 2,Tienen,50.81330800184882,4.935984252796022,0.2233865332157793,50.81428259997675,4.933203928327114,2024,1,16,24107,Tienen,Sneeuwval,"Nat, plassen",Dag,met lichtgewonden,9,personenauto,3,Fiets,Buiten Kruispunt,Gemeenteweg,binnen bebouwde kom,Tss. 2 best.: langs opzij (voor-/achterkant-flank),Geen hindernis
45197,77,Leuven teller 2,Leuven,50.88672,4.70796,0.11948757183835501,50.887372806902164,4.706606975324709,2024,2,9,24062,Leuven,Normaal,Droog,Dag,met lichtgewonden,6,Bromfiets,3,Fiets,Op Kruispunt,Gewestweg,binnen bebouwde kom,Tussen 2 bestuurders: Frontale botsing,Geen hindernis
45197,107,leuven totem,Leuven,50.8870744,4.7087919,0.15681698950178513,50.887372806902164,4.706606975324709,2024,2,9,24062,Leuven,Normaal,Droog,Dag,met lichtgewonden,6,Bromfiets,3,Fiets,Op Kruispunt,Gewestweg,binnen bebouwde kom,Tussen 2 bestuurders: Frontale botsing,Geen hindernis
45392,55,Torhout teller 1,Torhout,51.07161,3.08261,0.1691470193552457,51.07282398063976,3.0811511748917675,2024,2,16,31033,Torhout,Normaal,Droog,Dag,met lichtgewonden,3,Fiets,9,personenauto,Op Kruispunt,Gemeenteweg,binnen bebouwde kom,Tussen 2 bestuurders: Frontale botsing,Geen hindernis
45392,56,Torhout teller 2,Torhout,51.07147,3.08244,0.17543005240724308,51.07282398063976,3.0811511748917675,2024,2,16,31033,Torhout,Normaal,Droog,Dag,met lichtgewonden,3,Fiets,9,personenauto,Op Kruispunt,Gemeenteweg,binnen bebouwde kom,Tussen 2 bestuurders: Frontale botsing,Geen hindernis
45672,46,Pelt teller 2,Pelt,51.231,5.44375,0.21390521993073058,51.2298490281414,5.441288469369537,2024,3,21,72043,Pelt,Normaal,Droog,"Nacht, openbare verlichting aanwezig en ontstoken",met lichtgewonden,9,personenauto,3,Fiets,Op Kruispunt,Gewestweg,binnen bebouwde kom,Tss. 2 best.: langs opzij (voor-/achterkant-flank),Geen hindernis
45672,45,Pelt teller 1,Pelt,51.23127,5.44377,0.23413810740303542,51.2298490281414,5.441288469369537,2024,3,21,72043,Pelt,Normaal,Droog,"Nacht, openbare verlichting aanwezig en ontstoken",met lichtgewonden,9,personenauto,3,Fiets,Op Kruispunt,Gewestweg,binnen bebouwde kom,Tss. 2 best.: langs opzij (voor-/achterkant-flank),Geen hindernis
45740,145,Overijse,District Vilvoorde-gewestwegen,50.7885856,4.4908759,0.19567692380890406,50.79028152344366,4.490132909744301,2024,3,18,23062,Overijse,Normaal,"Nat, plassen",Dag,met zwaargewonden,9,personenauto,3,Fiets,Buiten Kruispunt,Gewestweg,buiten bebouwde kom,Tss. 2 best.: langs opzij (voor-/achterkant-flank),Geen hindernis
45740,146,Overijse 2,District Vilvoorde-gewestwegen,50.7881478,4.4902818,0.23748995661766006,50.79028152344366,4.490132909744301,2024,3,18,23062,Overijse,Normaal,"Nat, plassen",Dag,met zwaargewonden,9,personenauto,3,Fiets,Buiten Kruispunt,Gewestweg,buiten bebouwde kom,Tss. 2 best.: langs opzij (voor-/achterkant-flank),Geen hindernis